Date,Open,High,Low,Close,Volume,Dividends,Stock Splits,stochastic_k,stochastic_d,MACD,EMA_50,EMA_200,MA_50,MA_200,RSI 7,RSI 14,BB_Middle_Band,BB_Upper_Band,BB_Lower_Band,Aroon_Oscillator,ATR,UpMove,DownMove,Zero,PlusDM,MinusDM,plusDI,minusDI,ADX
2020-08-27,23.100000381469727,25.0,21.200000762939453,21.219999313354492,82219700,0,0,,,,,,,,,,,,,0.0,,,,0,0.0,0.0,,,
2020-08-28,23.979999542236328,24.399999618530273,22.020000457763672,22.790000915527344,44847300,0,0,,,,21.219999313354492,21.219999313354492,,,0.0,0.0,,,,0.0,,-0.6000003814697266,-0.8199996948242188,0,0.0,0.0,,,
2020-08-31,22.690000534057617,22.790000915527344,20.329999923706055,20.5,20816000,0,0,,,,22.012772399600188,22.006957722423678,,,0.0,0.0,,,,0.0,,-1.6099987030029297,1.6900005340576172,0,0.0,1.6900005340576172,,,
2020-09-01,20.979999542236328,21.790000915527344,20.100000381469727,21.610000610351562,15291400,0,0,,,,21.498497009277344,21.50213107137071,,,0.0,0.0,,,,0.0,,-1.0,0.22999954223632812,0,0.0,0.22999954223632812,,,
2020-09-02,21.989999771118164,22.0,20.3799991607666,21.09000015258789,9090100,0,0,,,,21.527206317268003,21.529300541698614,,,0.0,0.0,,,,0.0,,0.20999908447265625,-0.279998779296875,0,0.20999908447265625,0.0,,,
2020-09-03,20.93000030517578,21.049999237060547,20.0,20.030000686645508,7897100,0,0,,,,21.436268123355216,21.440561874036828,,,0.0,0.0,,,,0.0,,-0.9500007629394531,0.37999916076660156,0,0.0,0.37999916076660156,,,
2020-09-04,19.979999542236328,20.18000030517578,18.010000228881836,19.030000686645508,10957400,0,0,,,,21.190135734630566,21.202527279718893,,,0.0,0.0,,,,0.0,,-0.8699989318847656,1.989999771118164,0,0.0,1.989999771118164,,,
2020-09-08,17.90999984741211,18.559999465942383,17.3700008392334,17.729999542236328,8724000,0,0,,,,20.86291348785504,20.887503280888197,,,0.0,0.0,,,,0.0,,-1.6200008392333984,0.6399993896484375,0,0.0,0.6399993896484375,,,
2020-09-09,18.575000762939453,18.649999618530273,17.90999984741211,18.06999969482422,5889000,0,0,,,,20.443625788423887,20.48589122225858,,,0.0,0.0,,,,0.0,,0.09000015258789062,-0.5399990081787109,0,0.09000015258789062,0.0,,,
2020-09-10,18.31399917602539,19.5049991607666,18.309999465942383,19.280000686645508,15465200,0,0,,,,20.158522024687823,20.21207248845254,,,0.0,0.0,,,,0.0,,0.8549995422363281,-0.39999961853027344,0,0.8549995422363281,0.0,,,
2020-09-11,19.489999771118164,19.549999237060547,18.360000610351562,19.100000381469727,4259700,0,0,,,,20.062636995060526,20.1167595004791,,,0.0,0.0,,,,0.0,,0.04500007629394531,-0.05000114440917969,0,0.04500007629394531,0.0,,,
2020-09-14,19.139999389648438,20.559999465942383,18.3799991607666,20.479999542236328,6296600,0,0,,,,19.966205398135596,20.022004598971076,,,0.0,0.0,,,,0.0,,1.010000228881836,-0.019998550415039062,0,1.010000228881836,0.0,,,
2020-09-15,20.59000015258789,21.139999389648438,20.260000228881836,21.1200008392334,4332400,0,0,,,,20.013836934423242,20.061226479160865,,,0.0,0.0,,,,0.0,,0.5799999237060547,-1.8800010681152344,0,0.5799999237060547,0.0,,,
2020-09-16,20.65999984741211,20.780000686645508,19.6200008392334,19.920000076293945,4053700,0,0,33.420701409413304,,,20.10939903351811,20.145130121281007,,,0.0,0.0,,,,0.0,20.140714509146555,-0.3599987030029297,0.6399993896484375,0,0.0,0.6399993896484375,0.0,3.177639945980034,100.0
2020-09-17,19.010000228881836,19.670000076293945,19.010000228881836,19.239999771118164,2888000,0,0,26.600273920272272,,,20.094061065853698,20.128522897015472,,,43.16298839231403,43.16298839231403,,,,0.0,19.99928597041539,-1.1100006103515625,0.6100006103515625,0,0.0,0.6100006103515625,0.0,3.1093213741689856,100.0
2020-09-18,19.440000534057617,19.479999542236328,18.860000610351562,18.899999618530273,2789400,0,0,28.228759368266434,29.416578232650668,,20.02889663095816,20.067197681550038,,,35.32075616192101,35.32075616192101,,,,0.0,19.721428734915598,-0.1900005340576172,0.14999961853027344,0,0.0,0.14999961853027344,0.0,2.2120987959129748,100.0
2020-09-21,18.270000457763672,18.3799991607666,17.424999237060547,18.149999618530273,5191200,0,0,16.846628956358785,23.891887414965833,,19.947383486784023,19.99148733057133,,,39.96584365122736,39.96584365122736,,,,0.0,19.553571564810618,-1.1000003814697266,1.4350013732910156,0,0.0,1.4350013732910156,0.0,3.780507356943031,100.0
2020-09-22,18.5,19.579999923706055,18.170000076293945,19.309999465942383,4131300,0,0,41.90062588235488,28.992004735660036,,19.824086758230653,19.878788667055854,,,40.221086932087545,40.221086932087545,,,,0.0,19.389285768781388,1.2000007629394531,-0.7450008392333984,0,1.2000007629394531,0.0,1.6146977597649315,2.794178772029322,80.88981753726068
2020-09-23,19.420000076293945,19.420000076293945,18.100000381469727,18.40999984741211,3273900,0,0,27.586191195331295,28.777815344681656,,19.790468421873165,19.845831871545965,,,38.96211038800866,38.96211038800866,,,,0.0,19.19785717555455,-0.15999984741210938,0.06999969482421875,0,0.0,0.06999969482421875,1.2410854856483216,2.232022751396403,68.77508555161077
2020-09-24,18.0,18.170000076293945,17.110000610351562,17.450000762939453,3995300,0,0,8.436730907576388,25.974515995087526,,19.704146143437605,19.76682178225918,,,39.285717114600416,39.285717114600416,19.672,21.095,18.248,0.0,19.0135714667184,-1.25,0.9899997711181641,0,0.0,0.9899997711181641,0.9795624597194568,2.8588726449089563,64.59969473908923
2020-09-25,17.809999465942383,18.0,17.1200008392334,17.93000030517578,5330800,0,0,20.347393131649692,18.790105078185796,,19.56899307123314,19.645410097565257,,,45.22569376894827,45.22569376894827,19.507,20.932,18.082,0.0,18.935000010899135,-0.1700000762939453,-0.010000228881835938,0,0.0,0.0,0.7879744668197193,2.2997192529435906,61.54086371454842
2020-09-28,19.020000457763672,19.450000762939453,18.5,19.059999465942383,5507500,0,0,48.38708303358449,25.723735690936863,,19.474534432946193,19.559585620687997,,,55.859030303987666,55.859030303987666,19.321,20.52,18.121,0.0,19.03000000544957,1.4500007629394531,-1.3799991607666016,0,1.4500007629394531,0.0,2.0458267093626756,1.876287480731819,51.00566032345234
2020-09-29,19.059999465942383,19.200000762939453,18.530000686645508,18.780000686645508,5833800,0,0,41.43922040059066,36.72456552194162,,19.451519044956978,19.535668220696532,,,53.14438022229652,53.14438022229652,19.235,20.406,18.063,0.0,19.08071436200823,-0.25,-0.030000686645507812,0,0.0,0.0,1.6873494830219387,1.5475175371034435,42.825692611270725
2020-09-30,19.940000534057617,20.09000015258789,19.15999984741211,20.06999969482422,10406000,0,0,73.44913104388323,54.42514482601947,,19.41552823009756,19.500979206331035,,,53.474051077031575,53.474051077031575,19.158,20.209,18.106,0.0,19.137142862592423,0.8899993896484375,-0.6299991607666016,0,0.8899993896484375,0.0,2.185711320256276,1.2872582095358456,39.974088137530245
2020-10-01,20.149999618530273,20.229999542236328,18.510000228881836,18.670000076293945,10024400,0,0,38.709675892620496,51.19934244569814,,19.449452371726032,19.526073072297542,,,48.292293763892296,48.292293763892296,19.037,19.989,18.084,0.0,19.10642855507987,0.1399993896484375,0.6499996185302734,0,0.0,0.6499996185302734,1.8304989272362036,1.630936020734096,34.4146269220269
2020-10-02,18.0,18.559999465942383,17.979999542236328,18.190000534057617,4525000,0,0,26.799013668547197,46.31927353501698,-0.235719174500165,19.41031130476772,19.48974162654105,,,40.20530517178788,40.20530517178788,18.945,19.884,18.005,-76.0,18.94285719735282,-1.6700000762939453,0.5300006866455078,0,0.0,0.5300006866455078,1.5414492742809482,1.815207214035701,30.268139155945434
2020-10-05,19.579999923706055,20.389999389648438,19.219999313354492,20.040000915527344,14572300,0,0,79.83651891731202,48.448402826159914,-0.13088493719027383,19.35085198453671,19.43657299617833,,,45.81395242242966,45.81395242242966,18.995,19.966,18.024,-72.0,18.86571434565953,1.8299999237060547,-1.239999771118164,0,1.8299999237060547,0.0,2.7988676109638613,1.5354471313286024,30.09569659745085
2020-10-06,20.440000534057617,20.90999984741211,19.200000762939453,19.700000762939453,7054000,0,0,68.15791243661829,58.264481674159185,-0.07192859678770702,19.38348054209767,19.460401281276432,,,49.086381224331376,49.086381224331376,19.094,20.029,18.158,-68.0,18.85000010899135,0.5200004577636719,0.019998550415039062,0,0.5200004577636719,0.0,2.792791424402102,1.3036226289857602,31.040433014327196
2020-10-07,19.979999542236328,20.59000015258789,19.850000381469727,20.15999984741211,4938600,0,0,80.26315393210038,76.08586176201025,0.008067301682856964,19.39806209233684,19.46954698810085,,,53.89171127503416,53.89171127503416,19.198,20.13,18.266,-60.0,18.915714400155203,-0.31999969482421875,-0.6499996185302734,0,0.0,0.0,2.3784434617532666,1.110212775437958,31.82862119194746
2020-10-08,20.510000228881836,20.6299991607666,19.719999313354492,19.860000610351562,3516700,0,0,72.3684355822986,73.59650065033911,0.04863448230954148,19.43225842291108,19.495055366382708,,,54.07470949751696,54.07470949751696,19.227,20.17,18.284,-60.0,18.98428589957101,0.03999900817871094,0.13000106811523438,0,0.0,0.13000106811523438,2.03079473643627,1.048029127020758,31.842001601565308
2020-10-09,19.75,20.059999465942383,19.510000228881836,20.0,2932100,0,0,76.05263078642008,76.22807343360637,0.08999433487148778,19.450982594902086,19.50812037649044,,,58.28111742359885,58.28111742359885,19.272,20.23,18.314,-28.000000000000004,19.116428783961705,-0.5699996948242188,0.20999908447265625,0,0.0,0.20999908447265625,1.7377216558829887,1.0553166655577024,30.772682080288945
2020-10-12,20.450000762939453,20.530000686645508,19.760000228881836,19.8799991607666,4898800,0,0,72.89471333046227,73.77192656639366,0.11243626236462845,19.474448431592652,19.525203056966962,,,52.81342578488483,52.81342578488483,19.242,20.169,18.315,-28.0,19.15714304787772,0.470001220703125,-0.25,0,0.470001220703125,0.0,1.8398824638406406,0.9046734278140969,31.244086303612033
2020-10-13,19.700000762939453,19.799999237060547,19.309999465942383,19.639999389648438,3824000,0,0,66.5789286119418,71.84209090960805,0.11090603950554012,19.491390355980215,19.53716887590659,,,56.49419416379121,56.49419416379121,19.168,19.991,18.345,-28.0,19.24500015803746,-0.7300014495849609,0.4500007629394531,0,0.0,0.4500007629394531,1.5796941630249437,1.1074070300077925,29.31121577861702
2020-10-14,20.309999465942383,22.549999237060547,20.18000030517578,22.049999237060547,18302700,0,0,90.79189415230623,76.75517869823676,0.2878833812676902,19.4974638805881,19.540540005233755,,,71.06227496505812,71.06227496505812,19.274,20.31,18.239,-28.0,19.573571477617538,2.75,-0.8700008392333984,0,2.75,0.0,3.328990233461223,0.9520578608852767,32.98814355109975
2020-10-15,21.93000030517578,22.760000228881836,21.049999237060547,22.15999984741211,10449200,0,0,87.4476925673667,81.6061717772049,0.4312030807522902,19.599612023319615,19.620582655738048,,,70.04739989398391,70.04739989398391,19.42,20.64,18.201,56.0,19.87571430206299,0.21000099182128906,-0.8699989318847656,0,0.21000099182128906,0.0,3.012410678470675,0.8194229923858561,36.36547691605551
2020-10-16,22.979999542236328,23.100000381469727,21.31999969482422,21.770000457763672,6251900,0,0,74.02344324800558,84.08767665589282,0.5090177540880525,19.700024934445885,19.699457448541953,,,63.81244746768735,63.81244746768735,19.564,20.884,18.244,60.0,20.069285801478795,0.3400001525878906,-0.2700004577636719,0,0.3400001525878906,0.0,2.829847964931358,0.7059446629124364,39.64802793712299
2020-10-19,21.81999969482422,21.93000030517578,19.81999969482422,19.84000015258789,8204100,0,0,36.32813096628426,65.93308892721883,0.41826651159986383,19.779643605609976,19.762133995723342,,,54.624780659014085,54.624780659014085,19.649,20.927,18.37,64.0,20.145000049046107,-1.1700000762939453,1.5,0,0.0,1.5,2.4399634275466733,1.6345633623392537,36.90886424054893
2020-10-20,20.214000701904297,20.649999618530273,20.0,20.139999389648438,5993600,0,0,42.187490104699265,50.84635477299636,0.36519756636849365,19.781922170519636,19.764432898015333,,,50.33428706861027,50.33428706861027,19.69,20.97,18.41,64.0,20.150000027247838,-1.2800006866455078,-0.18000030517578125,0,0.0,0.0,2.1052823461100267,1.4103561354569738,34.55753665430795
2020-10-21,20.200000762939453,20.469999313354492,20.010000228881836,20.420000076293945,4159700,0,0,47.656252619344315,42.057291230109264,0.3407854851462133,19.79519931090623,19.775255358972508,,,59.35829029728532,59.35829029728532,19.791,21.044,18.537,64.0,20.275000027247838,-0.18000030517578125,-0.010000228881835938,0,0.0,0.0,1.8176109483102898,1.2176413095183065,32.536479203090586
2020-10-22,20.770000457763672,20.889999389648438,20.139999389648438,20.81999969482422,6382600,0,0,41.53843821388031,43.794060312641285,0.3483224062957859,19.81796848654059,19.793401921274288,,,64.18554245970648,64.18554245970648,19.959,21.103,18.815,64.0,20.46285711015974,0.4200000762939453,-0.12999916076660156,0,0.4200000762939453,0.0,1.849600905651571,1.0518083485188896,31.850105338441647
2020-10-23,20.899999618530273,20.93000030517578,19.950000762939453,20.049999237060547,4465800,0,0,21.794834801584372,36.996508544936326,0.29121521687530105,19.85388025137891,19.821641551019475,,,50.06103982423512,50.06103982423512,20.065,21.104,19.026,64.0,20.463571275983536,0.04000091552734375,0.18999862670898438,0,0.0,0.18999862670898438,1.598418164894186,1.035058874273989,30.429885740100815
2020-10-26,20.059999465942383,20.280000686645508,19.200000762939453,19.6200008392334,4263800,0,0,10.769233778854153,24.700835598106277,0.21011609923287722,19.86079669190233,19.827784784803473,,,49.516908490768365,49.516908490768365,20.093,21.111,19.075,64.0,20.45785699571882,-0.6499996185302734,0.75,0,0.0,0.75,1.3818819174682162,1.391479971191832,26.35446009511806
2020-10-27,19.6200008392334,20.25,19.540000915527344,19.899999618530273,3603800,0,0,17.948690360503598,16.837586313647375,0.1657950444090126,19.85243557657517,19.82231495692489,,,48.39505963528182,48.39505963528182,20.149,21.121,19.177,64.0,20.43928555079869,-0.030000686645507812,-0.3400001525878906,0,0.0,0.0,1.1950786031381475,1.2033791883704075,22.838637562685864
2020-10-28,19.670000076293945,19.670000076293945,18.5,19.020000457763672,5551500,0,0,11.304356840021146,13.34076032645963,0.061189175345859326,19.854062543491313,19.824317226658117,,,45.16128748721658,45.16128748721658,20.097,21.1,19.093,64.0,20.379285539899552,-0.5799999237060547,1.0400009155273438,0,0.0,1.0400009155273438,1.0338252721391854,1.729589951098165,23.15425133687812
2020-10-29,19.190000534057617,20.81999969482422,19.190000534057617,20.719999313354492,10753300,0,0,48.26085063595559,25.83796594549344,0.11025994754164259,19.82594325306582,19.804008901604234,,,53.51562303549067,53.51562303549067,20.199,21.153,19.245,64.0,20.430714062282018,1.1499996185302734,-0.6900005340576172,0,1.1499996185302734,0.0,1.6528385136168215,1.4965866855460208,20.703368952950456
2020-10-30,20.40999984741211,21.360000610351562,19.209999084472656,19.3799991607666,9323700,0,0,19.130414951953476,26.231874142643402,0.04340026888196746,19.855665897942373,19.82667731241675,,,47.818498226963925,47.818498226963925,20.258,21.113,19.404,60.0,20.394999776567733,0.5400009155273438,-0.019998550415039062,0,0.5400009155273438,0.0,1.7866787859543236,1.2952510242530324,20.063287385408604
2020-11-02,21.469999313354492,22.459999084472656,20.510000228881836,20.719999313354492,19916300,0,0,48.26085063595559,38.55070540795489,0.09477955119745829,19.840065234018876,19.81583750309417,,,54.2993642422121,54.2993642422121,20.292,21.151,19.434,40.00000000000001,20.47214262826102,1.0999984741210938,-1.3000011444091797,0,1.0999984741210938,0.0,2.268589469425403,1.1212092829262004,21.915531479085775
2020-11-03,21.399999618530273,22.479999542236328,20.25,22.209999084472656,11308100,0,0,80.65214732193762,49.347804303282224,0.2500545827402689,19.868549150460336,19.837364045110327,,,50.68728482919882,50.68728482919882,20.418,21.364,19.472,40.0,20.483571188790457,0.020000457763671875,0.26000022888183594,0,0.0,0.26000022888183594,1.9640765076980728,1.1410889936042339,22.53141801445642
2020-11-04,24.040000915527344,27.440000534057617,23.399999618530273,27.389999389648438,50724000,0,0,99.44070311608264,76.11790035799196,0.7732025197249222,19.943387940353304,19.892808227020353,,,65.64931484958652,65.64931484958652,20.779,22.6,18.959,40.0,20.85714258466448,4.960000991821289,-3.1499996185302734,0,4.960000991821289,0.0,4.889917062908151,0.9880577500993902,28.412079658435946
2020-11-05,30.260000228881836,36.439998626708984,29.799999237060547,35.849998474121094,89538500,0,0,96.71125865244214,92.26803636348747,1.8356271131593402,20.178496181978346,20.064839812471124,20.349399948120116,,78.41000984155149,78.41000984155149,21.579,25.393,17.765,92.0,21.862856728690012,8.999998092651367,-6.399999618530273,0,8.999998092651367,0.0,9.75108131224398,0.8556523111660049,35.84320695055056
2020-11-06,36.31999969482422,39.5,33.18000030517578,34.810001373291016,102189400,0,0,77.66667320614769,91.27287832489083,2.5653371768951736,20.66743491120856,20.420653906524052,20.621199989318846,,81.33111424008298,81.33111424008298,22.319,27.121,17.518,96.0,22.932142530168807,3.0600013732910156,-3.3800010681152344,0,3.0600013732910156,0.0,10.232192389946091,0.7410670162145904,42.62603986303701
2020-11-09,35.43000030517578,36.189998626708984,31.280000686645508,34.06999969482422,34809300,0,0,74.14285568963913,82.84026251607632,3.049546752422252,21.103616084532387,20.73940577432656,20.846799964904786,,78.62721665635512,78.62721665635512,23.029,28.458,17.6,28.0,23.927142551967076,-3.3100013732910156,1.8999996185302734,0,0.0,1.8999996185302734,8.862738534346219,1.7046593850687057,45.98688657805111
2020-11-10,34.38999938964844,36.5,31.010000228881836,32.900001525878906,32340200,0,0,68.5714358375186,73.46032157776847,3.3021117078924007,21.499079161227957,21.029717573652892,21.094799995422363,,74.74227907363328,74.74227907363328,23.692,29.483,17.901,28.0,24.81857122693743,0.3100013732910156,0.2700004577636719,0,0.3100013732910156,0.0,7.844255872507798,1.476626596123523,48.97382309021799
2020-11-11,31.260000228881836,33.66999816894531,30.489999771118164,33.529998779296875,24899000,0,0,71.57142275855655,71.42857142857142,3.5117514007120647,21.84305078867645,21.283955062749826,21.33319995880127,,74.97053913311456,74.97053913311456,24.266,30.442,18.09,28.0,25.726428304399764,-2.8300018310546875,0.5200004577636719,0,0.0,0.5200004577636719,6.795385765898529,1.549451820932752,50.831161066279726
2020-11-12,36.47999954223633,48.56999969482422,35.599998474121094,44.72999954223633,166146200,0,0,87.22979650296156,75.79088503301222,4.517266158869699,22.19196647505653,21.541997610456935,21.805999946594238,,84.39242954609342,84.39242954609342,25.394,33.05,17.739,27.999999999999993,27.489285469055176,14.900001525878906,-5.10999870300293,0,14.900001525878906,0.0,13.13194009864713,1.3423501186122884,54.923973160984254
2020-11-13,47.959999084472656,51.27000045776367,38.0,41.9900016784668,92071900,0,0,71.68142004984833,76.82754643712212,5.037484842132681,22.858017789938298,22.022863465335497,22.245199966430665,,79.28778113360468,79.28778113360468,26.405,34.852,17.959,44.0,29.08714267185756,2.700000762939453,-2.4000015258789062,0,2.700000762939453,0.0,12.617581623182009,1.162988713054903,58.69163177659343
2020-11-16,40.529998779296875,45.4900016784668,39.0,44.099998474121094,39098400,0,0,78.1202261718495,79.01048090821978,5.553853424924537,23.41784523220179,22.430510444087123,22.746599922180177,,80.23489087002625,80.23489087002625,27.618,36.784,18.453,48.0,30.815714018685476,-5.779998779296875,-1.0,0,0.0,0.0,10.932131359605467,1.0076372604949628,61.954938265890505
2020-11-17,46.279998779296875,47.099998474121094,42.400001525878906,42.90999984741211,28768600,0,0,73.94014766136642,74.5805979610214,5.8010387892415345,24.017246387653245,22.86618526185605,23.250199928283692,,79.61815936491938,79.61815936491938,28.757,38.349,19.165,48.0,32.52214254651751,1.6099967956542969,-3.4000015258789062,0,1.6099967956542969,0.0,10.13329979537629,0.8730707035328734,64.9170340725017
2020-11-18,43.290000915527344,43.970001220703125,40.099998474121094,42.18000030517578,26428600,0,0,71.64691277848569,74.56909553723385,5.870804258829562,24.559703100135167,23.26316869397499,23.732399940490723,,77.26118894634897,77.26118894634897,29.845,39.672,20.018,48.0,34.054999760219026,-3.1299972534179688,2.3000030517578125,0,0.0,2.3000030517578125,8.780320372895517,1.658253407601311,65.3591552410197
2020-11-19,41.720001220703125,48.189998626708984,41.060001373291016,48.11000061035156,35122700,0,0,89.8130244978084,78.46669497922015,6.327161869407512,25.061059869187222,23.632356054892412,24.308999938964845,,82.68488018049817,82.68488018049817,31.209,41.597,20.822,48.0,36.10714272090367,4.219997406005859,-0.9600028991699219,0,4.219997406005859,0.0,9.168400682427468,1.4368873952939902,66.36613393028196
2020-11-20,48.65999984741211,56.77000045776367,48.29999923706055,53.88999938964844,79526200,0,0,92.11390736030786,84.52461487886728,7.0696255939979125,25.711129613856684,24.103223163448206,25.004799919128416,,84.27362021772791,84.27362021772791,32.901,44.1,21.703,48.0,38.47642844063895,8.580001831054688,-7.239997863769531,0,8.580001831054688,0.0,10.921018996153405,1.2451030145087267,68.12336128293457
2020-11-23,56.75,73.05999755859375,56.540000915527344,72.16999816894531,100012200,0,0,98.20781428399854,93.37824871403825,9.017356020498582,26.49910978980346,24.668163124291784,26.0385998916626,,88.32464755010113,88.32464755010113,35.529,49.313,21.745,68.0,42.04499980381557,16.289997100830078,-8.240001678466797,0,16.289997100830078,0.0,14.634121639528388,1.0789395563888693,70.54469112007676
2020-11-24,72.16999816894531,74.48999786376953,62.77000045776367,70.62999725341797,99907800,0,0,91.36271933549662,93.89481365993434,10.31836360249418,27.765645492320825,25.556658303804145,27.02879981994629,,85.13162816201843,85.13162816201843,38.065,53.402,22.729,72.0,45.133571079799104,1.4300003051757812,-6.229999542236328,0,1.4300003051757812,0.0,13.104160507788205,0.9349685194957045,72.69781822970687
2020-11-25,64.6500015258789,67.19000244140625,63.0099983215332,64.2699966430664,49197400,0,0,76.77272349152666,88.78108570367395,10.715932290583034,28.94477173287019,26.38831179358512,27.91579975128174,,73.90646391092808,73.90646391092808,40.328,56.04,24.616,76.0,47.16357094900949,-7.299995422363281,-0.23999786376953125,0,0.0,0.0,11.355755796234119,0.8102216222282693,74.5634429563529
2020-11-27,65.29000091552734,68.41999816894531,61.150001525878906,64.27999877929688,26582800,0,0,76.7954556203086,81.6436328157773,10.9059422517726,29.908892260317455,27.07797729803005,28.81659973144531,,75.22684585884548,75.22684585884548,42.506,58.376,26.636,76.0,49.26857076372419,1.2299957275390625,1.8599967956542969,0,0.0,1.8599967956542969,9.840766398576104,1.2057867217068725,75.04446552066871
2020-11-30,62.7599983215332,62.79999923706055,55.5,58.7599983215332,38926500,0,0,64.24999949065119,72.60605953416216,10.492603710033585,30.839818300107964,27.746425003454004,29.61379970550537,,69.53632073452764,69.53632073452764,44.475,59.756,29.194,76.0,51.0321420942034,-5.619998931884766,5.650001525878906,0,0.0,5.650001525878906,8.52799686860615,2.5218784206210207,72.28441726048206
2020-12-01,61.790000915527344,63.349998474121094,51.29999923706055,52.36000061035156,48817300,0,0,49.70454951652828,63.58333487582936,9.541302857680407,31.59041191204942,28.296530891851663,30.297999725341796,,64.22098931249022,64.22098931249022,46.057,60.356,31.758,76.0,52.422142028808594,0.5499992370605469,4.200000762939453,0,0.0,4.200000762939453,7.390429443554175,3.254201689177639,67.8255182501178
2020-12-02,47.0099983215332,57.380001068115234,46.0099983215332,56.0,60694200,0,0,52.455648871285106,55.4700659594882,8.976142945940069,32.144739106906314,28.71798000030832,31.03179973602295,,65.72868789353923,65.72868789353923,47.746,61.04,34.453,76.0,54.02714211600168,-5.969997406005859,5.290000915527344,0,0.0,5.290000915527344,6.404662459935828,4.126157937200402,61.66463461679196
2020-12-03,56.959999084472656,57.54999923706055,51.45000076293945,51.81999969482422,32475600,0,0,37.873391350745806,46.677863246186405,8.099097203757047,32.776943967923344,29.189881850969286,31.699999732971193,,55.503804540597805,55.503804540597805,48.968,61.387,36.549,76.0,54.53357069832938,0.1699981689453125,-5.44000244140625,0,0.1699981689453125,0.0,5.592002707070585,3.5758214306464047,56.373189369178256
2020-12-04,50.34000015258789,52.91999816894531,48.400001525878906,49.34000015258789,27406400,0,0,29.134969780157768,39.82133666739623,7.1226382592438995,33.27816191027804,29.576554342309073,32.33779972076416,,55.72876007282356,55.72876007282356,49.642,61.671,37.614,72.0,55.05857058933803,-4.630001068115234,3.049999237060547,0,0.0,3.049999237060547,4.846188451441589,3.8377275498739643,50.4034485614057
2020-12-07,46.06999969482422,51.08000183105469,46.0,48.29999923706055,37935200,0,0,23.84414338026332,30.28416817038897,6.193789223619142,33.698094711380286,29.910204063029582,32.945199699401854,,53.329106606701494,53.329106606701494,50.317,61.838,38.796,68.0,55.35857064383371,-1.839996337890625,2.4000015258789062,0,0.0,2.4000015258789062,4.199869345809259,3.904097014072911,44.168068668094776
2020-12-08,50.04999923706055,51.97999954223633,48.15999984741211,48.689998626708984,26377400,0,0,24.978192221700137,25.98576846070708,5.426465795207882,34.07737856086602,30.217010433892067,33.53779968261719,,54.64033308653361,54.64033308653361,51.048,61.93,40.166,60.0,55.77142769949777,0.8999977111816406,-2.1599998474121094,0,0.8999977111816406,0.0,3.8549758621554733,3.383438588525106,39.14649411678582
2020-12-09,47.040000915527344,47.709999084472656,43.54999923706055,44.650001525878906,57540500,0,0,10.738858897608289,19.853731499857258,4.44224844318213,34.45453932036292,30.52163805814778,34.055199699401854,,51.88291001571243,51.88291001571243,51.635,61.778,41.493,60.0,55.94785635811942,-4.270000457763672,4.6100006103515625,0,0.0,4.6100006103515625,3.340883103554468,4.031076530911981,35.17454198709472
2020-12-10,42.939998626708984,45.08000183105469,42.84000015258789,44.79999923706055,27260400,0,0,6.192730572552956,13.96992723062047,3.6324489337436887,34.7160682987081,30.751968599771935,34.54979969024658,,47.232902759140664,47.232902759140664,52.199,61.566,42.832,56.00000000000001,55.71142768859863,-2.6299972534179688,0.7099990844726562,0,0.0,0.7099990844726562,2.8953599375698755,3.6634632079095097,32.045562421053326
2020-12-11,44.18000030517578,46.83000183105469,43.650001525878906,44.310001373291016,22730900,0,0,4.64455395579314,7.1920478086514725,2.9176252290292197,34.97318242035041,30.9784243037185,35.062599716186526,,41.21423397237451,41.21423397237451,52.178,61.563,42.793,52.0,55.02714211600168,1.75,-0.8100013732910156,0,1.75,0.0,2.933350440000345,3.1749329420149146,28.299628588612684
2020-12-14,45.93000030517578,48.099998474121094,44.29999923706055,47.16999816894531,34420400,0,0,13.680879398066038,8.172721308804055,2.5518711945130477,35.209853232801066,31.19096197435642,35.642199668884274,,18.03068305146195,18.03068305146195,52.437,61.595,43.279,36.0,53.241427830287385,1.2699966430664062,-0.6499977111816406,0,1.2699966430664062,0.0,2.860275395937749,2.7515570970721166,24.784224854744078
2020-12-15,48.599998474121094,51.2400016784668,47.25,49.4900016784668,35698900,0,0,25.996880537779898,14.774104630546368,2.420840886724136,35.51129009731059,31.44294301229385,36.231199684143064,,23.495487646663307,23.495487646663307,52.706,61.684,43.729,36.0,51.731428146362305,3.140003204345703,-2.950000762939453,0,3.140003204345703,0.0,3.288259401675387,2.384644172136198,23.603353109042903
2020-12-16,50.540000915527344,51.06999969482422,46.75,47.400001525878906,22522900,0,0,17.82643364700447,19.16806452761681,2.1242459603518498,35.86164137031451,31.72449649481005,36.78519969940186,,26.312835660752626,26.312835660752626,52.931,61.704,44.158,36.0,50.526428495134624,-0.17000198364257812,0.5,0,0.0,0.5,2.8497847898615514,2.198618785171733,22.175902905475045
2020-12-17,47.0099983215332,47.88999938964844,45.220001220703125,46.380001068115234,20787400,0,0,17.259879108867302,20.36106443121723,1.7864667374505316,36.14926055652668,31.966479892381805,37.30959972381592,,25.55980070650044,25.55980070650044,53.141,61.691,44.591,36.0,49.24785723005022,-3.1800003051757812,1.529998779296875,0,0.0,1.529998779296875,2.469783422169852,2.319710083354519,19.63669982716324
2020-12-18,46.060001373291016,48.790000915527344,44.61000061035156,46.380001068115234,24368900,0,0,17.259879108867302,17.4487306215797,1.5014666912531496,36.40293503758577,32.18667829762166,37.839999732971194,,30.096461578995658,30.096461578995658,53.054,61.666,44.443,32.0,48.36357171194894,0.9000015258789062,0.6100006103515625,0,0.9000015258789062,0.0,2.388594452419878,2.010394197927584,18.164697121052452
2020-12-21,45.11000061035156,47.880001068115234,45.02000045776367,46.970001220703125,18790900,0,0,28.07614768973517,20.865301969156597,1.308045390339018,36.64904290005269,32.40130161730265,38.37939975738525,,39.34361245440915,39.34361245440915,52.708,61.423,43.994,28.000000000000004,47.97857175554548,-0.9099998474121094,-0.4099998474121094,0,0.0,0.0,2.0700962665125995,1.74232570921877,16.888986563032596
2020-12-22,47.41999816894531,47.4900016784668,43.75,45.04999923706055,19407600,0,0,15.023788049079156,20.119938282560547,0.9886932219277327,36.902352055343755,32.61938839618635,38.88279975891113,,26.77131379523925,26.77131379523925,51.352,58.913,43.792,24.0,47.19642884390695,-0.3899993896484375,1.2700004577636719,0,0.0,1.2700004577636719,1.7940692160032776,1.868806465336032,14.909072818240388
2020-12-23,44.77000045776367,44.959999084472656,43.08000183105469,43.79999923706055,13495200,0,0,9.523802315385456,17.541246018066598,0.6276643832553503,37.10133917169339,32.80362759908879,39.36599975585938,,30.571700152162848,30.571700152162848,50.011,56.233,43.789,16.0,46.6235716683524,-2.5300025939941406,0.6699981689453125,0,0.0,0.6699981689453125,1.554849310335606,1.8112346890404443,13.936716445724736
2020-12-24,43.040000915527344,44.20000076293945,41.63999938964844,41.869998931884766,15453300,0,0,2.224366913367636,8.923985759277423,0.18392048309561204,37.264154263402034,32.96502023378591,39.76239974975586,,31.408654598372493,31.408654598372493,48.891,54.385,43.397,16.0,46.09000015258789,-0.7599983215332031,1.44000244140625,0,0.0,1.44000244140625,1.3475280495467066,1.986320471733987,14.633289362477942
2020-12-28,41.790000915527344,41.86000061035156,37.5,38.0099983215332,30945500,0,0,3.5220879672378613,5.090085731996991,-0.4733401837311675,37.37557873020239,33.09446189198301,40.07939971923828,,27.54255194799356,27.54255194799356,47.577,52.282,42.873,12.0,45.35500008719308,-2.3400001525878906,4.1399993896484375,0,0.0,4.1399993896484375,1.1678516195388222,2.9385748565673273,18.431749144024813
2020-12-29,38.75,41.81800079345703,37.599998474121094,41.54999923706055,24437000,0,0,29.47597337930219,11.740809419969233,-0.7008413931258843,37.39085655587804,33.16523685384466,40.47499969482422,,36.30084409333743,36.30084409333743,46.717,50.802,42.632,-88.0,44.84500013078962,-0.04199981689453125,-0.09999847412109375,0,0.0,0.0,1.0121335460666256,2.5467534917956622,21.723715927415064
2020-12-30,42.83000183105469,43.2400016784668,41.16400146484375,42.290000915527344,20341500,0,0,34.861720017357705,22.619927121299256,-0.8121284385284895,37.49056919200513,33.284835495871114,40.92399971008301,,44.81546487512231,44.81546487512231,46.214,50.185,42.242,-88.0,44.67642865862165,1.4220008850097656,-3.5640029907226562,0,1.4220008850097656,0.0,1.301574820587898,2.207177809056796,22.268544474468584
2020-12-31,42.779998779296875,44.65999984741211,41.95000076293945,42.83000183105469,21960200,0,0,38.79185720484894,34.37651686716961,-0.8470301194748799,37.60513208863469,33.412101315829,41.37779975891113,,45.745146972918945,45.745146972918945,45.555,48.853,42.257,-88.0,44.53571455819266,1.4199981689453125,-0.7859992980957031,0,1.4199981689453125,0.0,1.5531634221062907,1.912881012187194,20.68314818070031
2021-01-04,45.599998474121094,47.689998626708984,43.47999954223633,44.099998474121094,39630300,0,0,48.03491752453386,40.56283158224684,-0.76350955931985,37.72932090750902,33.54399234876465,41.851399726867676,,49.56121424359572,49.56121424359572,45.169,48.13,42.208,-80.0,44.5207143511091,3.029998779296875,-1.529998779296875,0,3.029998779296875,0.0,2.2535306083134983,1.6578253867100237,19.956067448113263
2021-01-05,44.130001068115234,44.9900016784668,41.619998931884766,42.34000015258789,22844800,0,0,35.22561543913851,40.684130056173764,-0.8296424833409475,37.88011673606755,33.690498913095354,42.28179973602295,,39.421820363727875,39.421820363727875,44.819,47.673,41.965,-80.0,44.17571449279785,-2.6999969482421875,1.8600006103515625,0,0.0,1.8600006103515625,1.9530549353766282,1.9981821935944877,17.447497940448027
2021-01-06,41.56999969482422,43.970001220703125,40.599998474121094,41.22999954223633,23483800,0,0,27.487101150481237,36.9158780380512,-0.9604718582164935,37.98525637514021,33.80948569951812,42.70539974212647,,30.897314785178935,30.897314785178935,44.466,47.303,41.628,-72.0,43.58571434020996,-1.0200004577636719,1.0200004577636719,0,0.0,1.0200004577636719,1.6926439113334537,2.0437875316188547,16.374194152845554
2021-01-07,42.400001525878906,45.4900016784668,42.06999969482422,44.9900016784668,19662000,0,0,66.34190496978314,43.018207186467635,-0.7523167567142508,38.06144743260916,33.91067733099116,43.21279975891113,,44.82610700313742,44.82610700313742,44.281,46.944,41.617,-72.0,43.41357149396624,1.5200004577636719,-1.470001220703125,0,1.5200004577636719,0.0,1.933789071833148,1.7712791723823718,14.77576876168713
2021-01-08,47.91999816894531,47.95000076293945,44.02000045776367,45.45000076293945,22085400,0,0,70.41629865596975,54.74843492541138,-0.5439908715181332,38.22351170695323,34.06046580622948,43.723799781799315,,47.9542451213671,47.9542451213671,44.321,46.995,41.646,-64.0,43.3471429007394,2.4599990844726562,-1.9500007629394531,0,2.4599990844726562,0.0,2.432637505825829,1.5351060960803546,15.821770864568247
2021-01-11,46.310001373291016,47.2400016784668,43.599998474121094,44.36000061035156,21540000,0,0,65.64593406232375,67.46804589602556,-0.46146733099785564,38.39190787656094,34.213143658911804,44.23059978485107,,45.75986532294962,45.75986532294962,44.299,46.971,41.626,-64.0,43.20285715375628,-0.7099990844726562,0.4200019836425781,0,0.0,0.4200019836425781,2.1082828389456623,1.4600462581320255,16.13438964227666
2021-01-12,45.54999923706055,54.75,45.36000061035156,54.29999923706055,57411100,0,0,97.39129992498867,77.81784421442741,0.4008891800207053,38.53046815757797,34.34802623214764,44.902199783325194,,61.04913713899102,61.04913713899102,44.798,48.283,41.313,-60.0,43.72642844063895,7.509998321533203,-1.7600021362304688,0,7.509998321533203,0.0,4.1171897540303375,1.2653718635136826,21.04751580299615
2021-01-13,53.70000076293945,54.7599983215332,50.34000015258789,51.65999984741211,28490600,0,0,82.03940454470612,81.69221284400619,0.8614733231759004,38.895270337067366,34.611060704768896,45.547799797058104,,59.75214035024526,59.75214035024526,45.023,48.801,41.244,39.99999999999999,44.19857134137835,0.009998321533203125,-4.979999542236328,0,0.009998321533203125,0.0,3.571243510531305,1.0966544431637777,25.30959946954729
2021-01-14,52.0,52.040000915527344,49.5099983215332,50.310001373291016,17764400,0,0,74.21785990158257,84.54952145709247,1.104874223641957,39.18952397651453,34.833993484768854,46.139599838256835,,59.576349728414634,59.576349728414634,45.064,48.897,41.23,44.0,44.66357149396624,-2.7199974060058594,0.8300018310546875,0,0.0,0.8300018310546875,3.095074842728101,1.1982133725285502,27.825937392703125
2021-01-15,49.33000183105469,49.66999816894531,46.65999984741211,47.81999969482422,19804600,0,0,59.791429307088684,72.0162312511258,1.084444750298843,39.44499427353218,35.03473236636448,46.65179985046387,,58.6107104114739,58.6107104114739,45.085,48.932,41.237,44.0,45.088571548461914,-2.3700027465820312,2.8499984741210938,0,0.0,2.8499984741210938,2.682396044050582,1.8812403277566097,26.456499250171472
2021-01-19,49.970001220703125,54.7400016784668,49.849998474121094,53.84000015258789,35241600,0,0,94.6387052615035,76.21599815672492,1.536088563905011,39.63674767621064,35.19925423265993,47.180799865722655,,71.5608856249609,71.5608856249609,45.458,49.771,41.144,44.0,46.21928596496582,5.070003509521484,-3.1899986267089844,0,5.070003509521484,0.0,3.7873421575052655,1.6304071499200843,28.237291564052803
2021-01-20,55.970001220703125,58.369998931884766,50.810001373291016,52.459999084472656,32728400,0,0,66.7417012089606,73.72394525918428,1.7623930430422874,39.96087835679986,35.43724641450054,47.51299987792969,,65.78871213940482,65.78871213940482,45.761,50.349,41.174,44.0,46.9985716683524,3.6299972534179688,-0.9600028991699219,0,3.6299972534179688,0.0,4.3121830108860815,1.413018678069962,31.224149866879745
2021-01-21,53.29999923706055,55.68000030517578,50.529998779296875,54.310001373291016,21380100,0,0,77.15251854807946,79.5109750061812,2.0671315262481187,40.2452057025744,35.6529007562749,47.90299987792969,,66.85361821255866,66.85361821255866,46.128,51.096,41.161,60.0,47.857143129621235,-2.6899986267089844,0.2800025939941406,0,0.0,0.2800025939941406,3.7372233234638776,1.302626485263914,33.50186193483849
2021-01-22,54.58000183105469,57.58000183105469,54.20000076293945,56.38999938964844,22148300,0,0,88.85762807411031,77.58394927705012,2.4481928862989903,40.56414723094488,35.88745544919408,48.34939987182617,,68.22580466533412,68.22580466533412,46.695,52.156,41.235,60.0,48.8257143838065,1.9000015258789062,-3.670001983642578,0,1.9000015258789062,0.0,3.757779639628965,1.1289424426890675,36.20768999695296
2021-01-25,58.470001220703125,60.040000915527344,51.65999984741211,54.650001525878906,23297900,0,0,72.2736691731684,79.42793859845273,2.5800860441080715,40.921925576453546,36.1432674809434,48.784399871826174,,64.00319029011143,64.00319029011143,47.238,52.93,41.546,60.0,49.57928603036063,2.4599990844726562,2.5400009155273438,0,0.0,2.5400009155273438,3.256741076260668,1.6614993558011228,35.70469167377174
2021-01-26,54.75,56.380001068115234,52.869998931884766,54.0,12374800,0,0,68.93004034473556,76.68711253067143,2.6021806630584976,41.23135097706101,36.372458237709964,49.193799896240236,,65.94638868904741,65.94638868904741,47.845,53.58,42.109,72.0,50.412143162318635,-3.6599998474121094,-1.2099990844726562,0,0.0,0.0,2.822507972776528,1.4399656186043028,35.2687601130273
2021-01-27,51.95000076293945,53.060001373291016,49.400001525878906,49.959999084472656,17383200,0,0,43.90650447234483,61.70340466341626,2.2676486556727724,41.51830997905102,36.58915539585176,49.29839988708496,,61.05343019901243,61.05343019901243,48.442,53.702,43.182,72.0,51.03571455819266,-3.3199996948242188,3.4699974060058594,0,0.0,3.4699974060058594,2.446172855353097,2.154525589600771,31.411477431979833
2021-01-28,49.720001220703125,51.2599983215332,47.7599983215332,50.15999984741211,14453400,0,0,39.902678826669835,50.91307454791674,1.995658801932521,41.70748396054336,36.75233042189743,49.46179985046387,,57.19454233931716,57.19454233931716,48.873,53.885,43.86,72.0,51.40500014168875,-1.8000030517578125,1.6400032043457031,0,0.0,1.6400032043457031,2.1200159330485575,2.292636721376439,27.744867754828345
2021-01-29,50.0099983215332,51.0,47.04999923706055,48.18000030517578,13688000,0,0,27.858887779233942,37.222690359416205,1.6019087876986333,41.89637136815823,36.91478056321029,49.54339988708496,,53.6448591276638,53.6448591276638,49.167,53.94,44.394,72.0,51.60000010899135,-0.2599983215332031,0.7099990844726562,0,0.0,0.7099990844726562,1.8373467351807486,2.170413944641623,25.15362250437878
2021-02-01,51.11000061035156,51.34000015258789,47.630001068115234,49.27000045776367,15679300,0,0,26.634875791068932,31.4654807989909,1.3620918025139588,42.03640734218388,37.05030454538235,49.67059989929199,,56.55540687234251,56.55540687234251,49.489,54.023,44.955,72.0,51.9507143838065,0.3400001525878906,-0.5800018310546875,0,0.3400001525878906,0.0,1.6796292072555545,1.881025057752985,22.553955902986296
2021-02-02,50.130001068115234,50.130001068115234,46.029998779296875,47.0099983215332,18144000,0,0,6.994999234882393,20.496254268395084,0.9784315762122517,42.19718351095242,37.196281271442146,49.76719985961914,,37.756130552068754,37.756130552068754,49.635,54.031,45.238,72.0,51.43000003269741,-1.2099990844726562,1.6000022888183594,0,0.0,1.6000022888183594,1.4556784042111206,2.0450257796122204,21.791442197538
2021-02-03,46.9900016784668,47.9900016784668,45.86000061035156,47.52000045776367,13241500,0,0,11.706627726983898,15.11216758431174,0.7073692496604096,42.303875311759946,37.31270455253033,49.75539985656738,,42.51085684096223,42.51085684096223,49.894,53.979,45.808,72.0,51.13428579057966,-2.1399993896484375,0.1699981689453125,0,0.0,0.1699981689453125,1.2615877684896166,1.8166827114126098,21.290274638079307
2021-02-04,47.95000076293945,48.349998474121094,46.939998626708984,48.130001068115234,9469600,0,0,16.00846550712068,11.570030822995653,0.535589763650357,42.41921249391132,37.432968583775846,49.64019989013672,,45.947956202185125,45.947956202185125,50.239,53.814,46.663,68.0,50.97857148306711,0.3599967956542969,-1.0799980163574219,0,0.3599967956542969,0.0,1.1875323766194796,1.5744581532276334,20.31943010267265
2021-02-05,48.45000076293945,48.5,46.459999084472656,46.93000030517578,10165200,0,0,7.545836895600508,11.753643376568357,0.2991907285520625,42.545172125497814,37.55815065230183,49.135399932861326,,48.26239925165822,48.26239925165822,50.336,53.785,46.886,48.0,50.915000098092214,0.15000152587890625,0.4799995422363281,0,0.0,0.4799995422363281,1.0291946149890447,1.4902299156489833,20.050069958307812
2021-02-08,46.5,48.349998474121094,45.599998474121094,47.61000061035156,14494400,0,0,13.919680030433037,12.491327477718071,0.1648051354421156,42.64164956530066,37.66709187407229,48.675,,34.632469026533684,34.632469026533684,50.444,53.763,47.124,48.0,50.47000013078962,-0.15000152587890625,0.8600006103515625,0,0.0,0.8600006103515625,0.8919685826391833,1.5187304467854807,20.84328447393638
2021-02-09,47.560001373291016,49.16999816894531,46.08000183105469,48.75,23543800,0,0,21.814411310945328,14.42664274565962,0.14856636137274393,42.75070484486869,37.781907827957596,48.364600067138674,,40.7388969110294,40.7388969110294,50.663,53.692,47.634,48.00000000000001,50.20500019618443,0.8199996948242188,-0.48000335693359375,0,0.8199996948242188,0.0,0.9908132027405632,1.3162329468567733,19.94490897635025
2021-02-10,48.720001220703125,51.189998626708984,47.119998931884766,47.77000045776367,20108400,0,0,15.027712027389732,16.920601122922694,0.055984398752706,42.8820816379114,37.90773512279231,48.034400100708005,,32.93319502735592,32.93319502735592,50.337,53.304,47.369,48.0,49.73785727364676,2.020000457763672,-1.0399971008300781,0,2.020000457763672,0.0,1.4002107882363497,1.1407351402223178,18.647157011526637
2021-02-11,48.11000061035156,48.83000183105469,46.29999923706055,47.130001068115234,11042500,0,0,10.595584039562947,15.812569125966,-0.06823701334679555,42.988876077493934,38.02014590429135,47.80180015563965,,23.871343989367077,23.871343989367077,50.11,53.143,47.077,48.0,49.076428822108674,-2.359996795654297,0.8199996948242188,0,0.0,0.8199996948242188,1.2135159423578992,1.2114188296455912,16.17239925435633
2021-02-12,46.900001525878906,47.209999084472656,45.880001068115234,46.88999938964844,8116300,0,0,11.96661043705167,12.529968834668116,-0.18392694107923546,43.07915178758357,38.12331799406222,47.69240013122558,,26.078921386705204,26.078921386705204,49.939,53.056,46.822,44.0,48.522142955235076,-1.6200027465820312,0.4199981689453125,0,0.0,0.4199981689453125,1.0517137610426341,1.1653070258722937,14.699237468334855
2021-02-16,47.029998779296875,47.349998474121094,44.43000030517578,45.0099983215332,14971700,0,0,6.72071778183559,9.760970752816734,-0.4224267551086811,43.162045815176654,38.2219770238064,47.47260009765625,,24.24069525830079,24.24069525830079,49.799,53.075,46.522,36.0,47.87999997820173,0.1399993896484375,1.4500007629394531,0,0.0,1.4500007629394531,0.9114852177577752,1.413720288361481,15.619285977604278
2021-02-17,44.22999954223633,44.369998931884766,41.90999984741211,43.40999984741211,15330800,0,0,15.906680291162928,11.53133617001673,-0.7320940095157553,43.20215669729905,38.297891835014454,47.30440010070801,,28.181223716784388,28.181223716784388,49.277,52.703,45.851,36.0,47.41214288984026,-2.979999542236328,2.520000457763672,0,0.0,2.520000457763672,0.7899538239842355,1.933903723754759,19.13637144847384
2021-02-18,41.95000076293945,42.06999969482422,39.880001068115234,41.150001525878906,16922000,0,0,11.082029312588835,11.236475795195785,-1.1466358806613712,43.20665860972123,38.3547110659796,47.14060012817383,,23.60868052397437,23.60868052397437,48.712,52.499,44.924,-64.0,46.76857158115932,-2.299999237060547,2.029998779296875,0,0.0,2.029998779296875,0.6846266238637332,2.254785844936412,23.70718310562829
2021-02-19,42.459999084472656,42.58000183105469,40.65999984741211,40.880001068115234,14145000,0,0,8.726004187512691,11.904904597088153,-1.4798884803068688,43.16220236006879,38.3855901256742,46.99220016479492,,26.23698849605853,26.23698849605853,48.04,51.97,44.11,-68.0,46.24714306422642,0.5100021362304688,-0.779998779296875,0,0.5100021362304688,0.0,0.7403798104056822,1.9541476739242825,26.552314773043584
2021-02-22,39.7400016784668,40.470001220703125,37.79999923706055,38.0,22724800,0,0,1.4936577450038575,7.1005637483684625,-1.9538443535222783,43.1129696523799,38.41297912709353,46.77840019226074,,17.142866040107464,17.142866040107464,47.121,51.144,43.097,-68.0,45.44214303152902,-2.1100006103515625,2.8600006103515625,0,0.0,2.8600006103515625,0.6416624857453425,2.5327572286954028,30.955063826532587
2021-02-23,36.400001525878906,38.040000915527344,32.720001220703125,37.90999984741211,35934000,0,0,28.09961751819933,12.773093150238628,-2.3100896440973457,43.00288656472056,38.408471622810694,46.643600158691406,,19.62618012395471,19.62618012395471,46.284,50.399,42.168,-76.0,44.792143140520366,-2.4300003051757812,5.079998016357422,0,0.0,5.079998016357422,0.556107475172826,3.7072258063420334,36.68266689768085
2021-02-24,37.83000183105469,39.08000183105469,35.75,38.709999084472656,17572200,0,0,32.430962127919805,20.674745797041002,-2.499059511782555,42.893446245672514,38.40306312367101,46.521800155639646,,21.152583139538237,21.152583139538237,45.519,49.545,41.493,-80.0,44.16285732814244,1.0400009155273438,-3.029998779296875,0,1.0400009155273438,0.0,0.7959494640031107,3.2129289697076686,39.83040050535411
2021-02-25,38.0,38.0099983215332,34.75,35.400001525878906,22154900,0,0,14.510019932673785,25.01353319293098,-2.8826622245792635,42.80371752507791,38.40637397695283,46.34360015869141,,14.579851475154484,14.579851475154484,44.791,49.263,40.319,-80.0,43.25357164655413,-1.0700035095214844,1.0,0,0.0,1.0,0.6898228571812887,3.0927981345095183,42.98991093251112
2021-02-26,34.97999954223633,35.81999969482422,33.0,34.11000061035156,20753900,0,0,7.5257151319168765,18.15556573083683,-3.2532544622787682,42.64521058556087,38.3741322513515,46.082400207519534,,14.507194274996195,14.507194274996195,43.989,48.868,39.109,-80.0,42.33785738263811,-2.1899986267089844,1.75,0,0.0,1.75,0.5978464674948156,3.2315472684927666,46.428045900892364
2021-03-01,35.0099983215332,35.81999969482422,34.72999954223633,35.5,14209400,0,0,15.051430263833753,12.362388442808147,-3.395652579167617,42.46280792684975,38.32866315291901,45.8026001739502,,17.741068790161535,17.741068790161535,43.355,48.478,38.231,-80.0,41.472857339041575,0.0,-1.7299995422363281,0,0.0,0.0,0.5181335986057489,2.800674263920871,49.40776279227841
2021-03-02,33.540000915527344,33.77000045776367,31.3799991607666,31.5,28529600,0,0,0.6057589221024741,7.7276347726177095,-3.7875934856129376,42.31427029932209,38.298671272824954,45.484600143432615,,10.124821566322296,10.124821566322296,42.466,48.032,36.9,-80.0,40.24071448189871,-2.049999237060547,3.3500003814697266,0,0.0,3.3500003814697266,0.4490491138670459,3.537238126148961,53.14943578572889
2021-03-03,32.4900016784668,32.65999984741211,29.790000915527344,30.030000686645508,22459700,0,0,1.2605029389596376,5.63923070829863,-4.168765325147163,42.08396671088272,38.22698941315793,45.15760013580322,,9.900537618878417,9.900537618878417,41.617,47.722,35.512,-96.0,38.97357164110456,-1.1100006103515625,1.5899982452392578,0,0.0,1.5899982452392578,0.389175894985849,3.609564137233501,56.80085443398576
2021-03-04,29.8700008392334,31.3799991607666,27.34000015258789,29.360000610351562,38048000,0,0,10.094955658191658,3.9870725064179315,-4.473341502675389,41.82769492661588,38.141042962201254,44.81720012664795,,9.887128004548018,9.887128004548018,40.709,47.226,34.192,-96.0,37.70428589412144,-1.2800006866455078,2.450000762939453,0,0.0,2.450000762939453,0.3372857728760995,3.994680546359286,60.48448096367497
2021-03-05,29.219999313354492,29.899999618530273,25.270000457763672,28.030000686645508,40583000,0,0,12.500002159588773,7.951820252246698,-4.767083606395275,41.56306443469573,38.04947716361129,44.4384001159668,,9.423403647813103,9.423403647813103,39.704,46.558,32.85,-88.0,36.357143129621235,-1.4799995422363281,2.0699996948242188,0,0.0,2.0699996948242188,0.2923143344058054,4.221191926336519,64.02616745818182
2021-03-08,29.440000534057617,30.649999618530273,26.899999618530273,26.920000076293945,40913000,0,0,8.638742148413705,10.41123332206472,-5.0314411382003,41.276285014079654,37.94556397576514,44.07580013275147,,9.746324278702488,9.746324278702488,38.704,45.899,31.508,-92.0,35.06500039781843,0.75,-1.6299991607666016,0,0.75,0.0,0.5385237535499089,3.65836631352371,65.40094642730882
2021-03-09,29.489999771118164,31.658000946044922,28.139999389648438,29.969999313354492,42181700,0,0,27.151926532153972,16.096890280052158,-4.937923420730456,40.972541576500916,37.83183024170903,43.79920013427734,,21.9063490080151,21.9063490080151,37.822,44.949,30.694,-92.0,34.10500035967146,1.0080013275146484,-1.239999771118164,0,1.0080013275146484,0.0,0.8607982272702595,3.1705841213861117,64.32017131797288
2021-03-10,32.04999923706055,32.46799850463867,30.1200008392334,30.700000762939453,29911600,0,0,31.36915005422335,22.38660624493035,-4.750149730528264,40.74011521534985,37.75116265194071,43.57580017089844,,26.663686807042083,26.663686807042083,36.919,43.725,30.113,-64.0,33.35857173374721,0.80999755859375,-1.980001449584961,0,0.80999755859375,0.0,1.069779029139758,2.7478395590982454,61.60490684344037
2021-03-11,32.689998626708984,35.0,32.16999816894531,34.810001373291016,31846600,0,0,62.763160767647555,40.4280791180083,-4.221046698010191,40.52834118595187,37.67919345904577,43.51180023193359,,38.42927983080952,38.42927983080952,36.271,42.589,29.953,-64.0,32.92500032697405,2.532001495361328,-2.049997329711914,0,2.532001495361328,0.0,1.9525031119286231,2.3814609416270023,54.71059724881392
2021-03-12,32.970001220703125,35.27000045776367,32.779998779296875,35.150001525878906,25125300,0,0,71.54236122831583,55.224890683395586,-3.7312823221312073,40.407904285481976,37.65006084584147,43.38380027770996,,43.98480658646409,43.98480658646409,35.672,41.451,29.893,-64.0,32.72142900739397,0.2700004577636719,-0.6100006103515625,0,0.2700004577636719,0.0,1.8021891916902506,2.0639328088724707,48.318542155965545
2021-03-15,36.09000015258789,36.34000015258789,34.54999923706055,35.369998931884766,19605900,0,0,73.13539080202275,69.14697093266206,-3.287492789932081,40.29732563206165,37.62480703320255,43.24540023803711,,44.66834308387419,44.66834308387419,35.096,40.237,29.955,-64.0,32.54000037057059,1.0699996948242188,-1.7700004577636719,0,1.0699996948242188,0.0,2.000331920299751,1.7887417622782713,42.62063223882501
2021-03-16,35.7400016784668,37.38999938964844,34.81999969482422,35.93000030517578,19094200,0,0,83.67348222033384,76.11707808355749,-2.857658635804107,40.19384656596419,37.602146733455776,43.10740020751953,,44.10517596869941,44.10517596869941,34.642,39.233,30.051,-64.0,32.34142902919224,1.0499992370605469,-0.2700004577636719,0,1.0499992370605469,0.0,2.166501990774404,1.5502428565767534,39.148629811286
2021-03-17,34.5,36.61899948120117,33.58000183105469,36.119998931884766,16316200,0,0,89.5214474448293,82.11010682239532,-2.4731717879799717,40.10442587211661,37.58542689594615,42.94780021667481,,51.7595245313385,51.7595245313385,34.278,38.401,30.154,-64.0,32.39285741533552,-0.7709999084472656,1.2399978637695312,0,0.0,1.2399978637695312,1.8776350544047498,1.853943517943425,34.01346484626566
2021-03-18,35.130001068115234,36.79999923706055,34.90999984741211,35.0,14909700,0,0,80.28053135086563,84.49182033867629,-2.2330942549091617,40.02097893625451,37.570847288499536,42.80100021362305,,52.19319742931858,52.19319742931858,33.97,37.771,30.169,-64.0,32.456428800310405,0.180999755859375,-1.3299980163574219,0,0.180999755859375,0.0,1.7016397071972582,1.6067510457201954,29.860752326744844
2021-03-19,34.93000030517578,37.70000076293945,34.650001525878906,37.47999954223633,26259800,0,0,98.23007871840906,89.34401917136803,-1.8217197615653546,39.91596345101417,37.54539640608607,42.726000213623045,,54.63049531477323,54.63049531477323,33.8,37.343,30.257,-60.0,32.597857339041575,0.9000015258789062,0.2599983215332031,0,0.9000015258789062,0.0,1.842877393237568,1.3925175705809072,27.73528916786073
2021-03-22,38.060001373291016,38.38999938964844,36.77000045776367,37.880001068115234,15161400,0,0,96.11281735478055,91.5411424746851,-1.4467490605168933,39.86508096458916,37.54475216269083,42.58380020141602,,67.94151154707654,67.94151154707654,33.794,37.33,30.258,-52.00000000000001,33.053571701049805,0.6899986267089844,-2.1199989318847656,0,0.6899986267089844,0.0,1.8754958861018385,1.2068485593850324,26.92962614750687
2021-03-23,36.9900016784668,37.65999984741211,36.27000045776367,36.33000183105469,11786400,0,0,84.29879781783016,92.88056463033995,-1.260126201144061,39.823669571103856,37.548038770452656,42.40140022277832,,67.63718253616086,67.63718253616086,33.715,37.171,30.259,-52.0,33.503571782793315,-0.7299995422363281,0.5,0,0.0,0.5,1.6254297658712662,1.2449191778508768,25.106555561001127
2021-03-24,36.2400016784668,36.2400016784668,30.719999313354492,30.850000381469727,31313300,0,0,42.530490685828546,74.31403528614645,-1.536696160683448,39.75087828133325,37.53615514150774,42.13120021820068,,53.286280913329726,53.286280913329726,33.322,36.623,30.021,-48.0,33.61000033787319,-1.4199981689453125,5.55000114440918,0,0.0,5.55000114440918,1.40870579552337,3.280656077582362,27.081559301363985
2021-03-25,29.950000762939453,33.099998474121094,29.56999969482422,32.529998779296875,25407900,0,0,48.99912335001475,58.60947061789119,-1.6018545503977606,39.565653987364996,37.471232897223295,41.69580020904541,,59.77410594270049,59.77410594270049,33.179,36.447,29.91,-40.0,33.93142877306257,-3.140003204345703,1.1499996185302734,0,0.0,1.1499996185302734,1.2208783549447195,3.295126885262578,29.594824464380558
2021-03-26,31.579999923706055,33.04999923706055,31.079999923706055,32.13999938964844,16863700,0,0,39.02439024390244,43.518001426581954,-1.6657604549896519,39.41942010135114,37.423479851726675,41.30540019989014,,61.70403573636196,61.70403573636196,33.08,36.348,29.812,-40.0,34.304285866873606,-0.049999237060546875,-1.510000228881836,0,0.0,0.0,1.0580945734024667,2.855776631511151,31.772987601746692
2021-03-29,31.520000457763672,32.13999938964844,30.690000534057617,31.40999984741211,12743700,0,0,20.86168045637967,36.29506468343234,-1.7550790375092973,39.26829747345015,37.372657580310886,40.92740016937256,,53.60360536665728,53.60360536665728,32.876,36.112,29.639,-36.0,34.40714304787772,-0.9099998474121094,0.3899993896484375,0,0.0,0.3899993896484375,0.9170152962856056,2.6261375851288014,33.96823304325825
2021-03-30,30.989999771118164,33.81999969482422,30.959999084472656,33.81999969482422,20662600,0,0,48.185942710338175,36.02400447020681,-1.612808357546804,39.10534500168837,37.31556736690298,40.64740016937256,,57.202214920012864,57.202214920012864,32.992,36.218,29.765,-28.0,34.63000011444092,1.6800003051757812,-0.26999855041503906,0,1.6800003051757812,0.0,1.4415847093459344,2.275985905685072,32.43177496411911
2021-03-31,34.9900016784668,37.0,34.18000030517578,36.5099983215332,23285500,0,0,78.68479440857053,49.244139191762834,-1.26837842848591,38.99586973443068,37.2822518510804,40.30080013275146,,54.199598438913846,54.199598438913846,33.316,36.554,30.077,-28.000000000000004,34.75142846788679,3.1800003051757812,-3.220001220703125,0,3.1800003051757812,0.0,2.469467265996691,1.9725211171888943,29.599201052059463
2021-04-01,38.869998931884766,39.2400016784668,36.650001525878906,36.95000076293945,17008000,0,0,76.31850624848862,67.72974778913247,-0.9489718814601318,38.94443676284939,37.274925044567496,39.9906001663208,,54.424777682254046,54.424777682254046,33.695,36.89,30.5,44.0,34.879999841962544,2.240001678466797,-2.470001220703125,0,2.240001678466797,0.0,2.996474724121758,1.7095183007588912,29.298931691037055
2021-04-05,37.459999084472656,37.540000915527344,35.4900016784668,36.0099983215332,10133100,0,0,66.5976970594489,73.86699923883606,-0.7628954297574708,38.903216259591495,37.271856152122446,39.624600105285644,,51.51946663797493,51.51946663797493,34.094,37.033,31.155,76.0,34.92571408408029,-1.7000007629394531,1.1599998474121094,0,0.0,1.1599998474121094,2.5969447598459334,1.9244271493364853,27.375633271915518
2021-04-06,35.900001525878906,37.470001220703125,35.31999969482422,37.0099983215332,9316400,0,0,76.93895657202775,73.2850532933218,-0.5286436104683219,38.84348326791948,37.259991007551776,39.23700008392334,,52.51162329385446,52.51162329385446,34.598,37.07,32.127,76.0,35.00285679953439,-0.06999969482421875,0.17000198364257812,0,0.0,0.17000198364257812,2.250685457737272,1.7325942370715435,25.45976873833772
2021-04-07,36.310001373291016,36.310001373291016,33.95000076293945,34.06999969482422,13035700,0,0,46.53566780660475,63.35744047936049,-0.5736166936361968,38.80566863473127,37.2576507094051,38.825400047302246,,45.7731974493597,45.7731974493597,34.803,37.028,32.579,76.0,34.85642828260149,-1.1599998474121094,1.3699989318847656,0,0.0,1.3699989318847656,1.950594062774515,2.025635723145573,22.31676711800817
2021-04-08,34.88999938964844,35.77000045776367,34.470001220703125,35.45000076293945,8908300,0,0,60.806616979620365,61.42708045275098,-0.49223023571008184,38.708097222334125,37.22793994291522,38.454400062561035,,50.91799413243271,50.91799413243271,35.041,37.047,33.035,76.0,34.88857119424002,-0.5400009155273438,-0.5200004577636719,0,0.0,0.0,1.6905148539555752,1.7555509595932182,19.592832381947495
2021-04-09,34.91999816894531,35.27000045776367,34.290000915527344,34.4900016784668,5522900,0,0,50.87901731525054,52.74043403382524,-0.4994371093956218,38.641035763461105,37.21144021176825,38.14500011444092,,43.49717780453652,43.49717780453652,35.025,37.035,33.015,76.0,34.67499991825649,-0.5,0.18000030517578125,0,0.0,0.18000030517578125,1.4651128730909129,1.590691746796172,17.528390604408145
2021-04-12,34.900001525878906,36.13999938964844,33.70000076293945,33.9900016784668,11231200,0,0,45.70838755896112,52.46467395127737,-0.5392777373961195,38.55567819172661,37.186292827676176,37.821600151062015,,41.576441394669175,41.576441394669175,34.967,36.99,32.944,76.0,34.39714281899588,0.8699989318847656,0.5900001525878906,0,0.8699989318847656,0.0,1.6070013886066843,1.3785995136149898,16.21128706610455
2021-04-13,34.540000915527344,36.029998779296875,34.209999084472656,35.47999954223633,12183700,0,0,61.11684214138993,52.568082338533884,-0.44548667774221684,38.46188392696305,37.15688302309098,37.567600135803225,,48.15457591430165,48.15457591430165,34.972,36.996,32.949,72.0,34.336428369794575,-0.1100006103515625,-0.5099983215332031,0,0.0,0.0,1.39273453655166,1.194786244926416,15.069797333333183
2021-04-14,35.849998474121094,35.95000076293945,32.689998626708984,32.88999938964844,19735200,0,0,34.33297842585978,47.0527360420703,-0.5735355773094213,38.400683302519084,37.141518567134526,37.24000011444092,,55.06454633366162,55.06454633366162,34.82,36.882,32.759,68.0,34.48214258466448,-0.07999801635742188,1.5200004577636719,0,0.0,1.5200004577636719,1.2070365981639044,1.623225423095177,15.021152010710443
2021-04-15,32.957000732421875,32.959999084472656,30.59000015258789,31.399999618530273,21561500,0,0,9.364154023777246,34.93799153034234,-0.7861826060049779,38.28768477311056,37.102726432118125,36.92780014038086,,47.16792174038164,47.16792174038164,34.584,36.757,32.412,20.0,34.40142835889544,-2.990001678466797,2.0999984741210938,0,0.0,2.0999984741210938,1.0460983849395322,2.2207144685344957,17.81246856386292
2021-04-16,30.780000686645508,31.040000915527344,30.350000381469727,30.920000076293945,13563000,0,0,6.411694169457067,16.702942206364717,-0.9821174444733884,38.14657699043033,37.0509080473123,36.595800132751464,,46.956089386889225,46.956089386889225,34.38,36.699,32.062,20.0,34.31428555079869,-1.9199981689453125,0.23999977111816406,0,0.0,0.23999977111816406,0.9066186001788885,2.0178747377400574,20.503905396674167
2021-04-19,31.299999237060547,31.399999618530273,29.770000457763672,31.200000762939453,14845300,0,0,15.100318065952763,10.292055419729044,-1.1020992582952402,37.99865638387374,36.99542706115074,36.25720012664795,,49.464014592044514,49.464014592044514,34.066,36.368,31.765,20.000000000000007,34.2992856161935,0.3599987030029297,0.5799999237060547,0,0.0,0.5799999237060547,0.7857361200783937,1.9742910521422155,23.511806084081904
2021-04-20,31.299999237060547,31.84000015258789,30.350000381469727,31.270000457763672,7475400,0,0,15.839491094475578,12.45050110996182,-1.17795855519023,37.859614619636496,36.94319478819972,35.94400012969971,,42.60869786359262,42.60869786359262,33.736,35.933,31.539,20.0,34.117142813546316,0.4400005340576172,-0.5799999237060547,0,0.4400005340576172,0.0,0.8529280772583728,1.7110522450452723,24.83935702401403
2021-04-21,30.96500015258789,32.60499954223633,30.56999969482422,32.599998474121094,9432400,0,0,29.883818918317957,20.27454269291545,-1.1178720815844372,37.72496162014588,36.89226976399172,35.6438000869751,,37.69666457646536,37.69666457646536,33.549,35.672,31.427,19.999999999999996,33.83785711015974,0.7649993896484375,-0.2199993133544922,0,0.7649993896484375,0.0,1.0406416212097716,1.482911945597256,23.864202209102924
2021-04-22,32.619998931884766,33.18000030517578,31.68000030517578,32.369998931884766,11969900,0,0,33.46201185256319,26.395107288452255,-1.0764039827448784,37.62032394281065,36.853894049858226,35.31620006561279,,35.39539905561894,35.39539905561894,33.625,35.672,31.579,20.0,33.51071412222726,0.5750007629394531,-1.1100006103515625,0,0.5750007629394531,0.0,1.130672259763961,1.2851903527693496,21.535105932802516
2021-04-23,32.39500045776367,33.439998626708984,32.150001525878906,33.29999923706055,8891600,0,0,45.84413544849193,36.396655406457704,-0.9574601669473637,37.51321341685021,36.813963439339794,35.02680004119873,,41.35290344333151,41.35290344333151,33.664,35.696,31.632,20.0,33.31714275905064,0.2599983215332031,-0.470001220703125,0,0.2599983215332031,0.0,1.083965825871904,1.1138316390054748,18.844944797324846
2021-04-26,33.5,33.59000015258789,32.22999954223633,33.0,12281200,0,0,49.38836529162598,42.89817086422705,-0.8772908394217751,37.42732881918024,36.78279290033445,34.74420001983643,,36.60654629851892,36.60654629851892,33.707,35.714,31.7,20.0,33.030714307512554,0.15000152587890625,-0.07999801635742188,0,0.15000152587890625,0.0,0.9999873697866283,0.9653207537587057,16.567475861478293
2021-04-27,32.970001220703125,33.005001068115234,31.3700008392334,31.59000015258789,12002000,0,0,28.571428571428573,41.26797643718218,-0.9169608410562802,37.33714963012764,36.74936792458818,34.438200035095214,,40.773807665387345,40.773807665387345,33.716,35.713,31.719,20.0,32.85357148306711,-0.5849990844726562,0.8599987030029297,0,0.0,0.8599987030029297,0.8666557204459221,1.1856342376069064,16.430821186732633
2021-04-28,31.459999084472656,32.266998291015625,31.100000381469727,31.690000534057617,7992600,0,0,30.141293535913555,36.03369579965605,-0.9296144052809296,37.2201763402647,36.7039547911347,34.1718000793457,,34.539465273925046,34.539465273925046,33.609,35.656,31.563,20.000000000000004,32.58500003814697,-0.7380027770996094,0.2700004577636719,0,0.0,0.2700004577636719,0.7511016243595592,1.1380301421013201,16.9709540074587
2021-04-29,31.969999313354492,32.02000045776367,29.81999969482422,30.520000457763672,11607900,0,0,11.773942319611798,23.49555480898466,-1.0222674109733134,37.10770301503134,36.659989849688884,33.91400009155274,,33.953101100310846,33.953101100310846,33.31,35.348,31.272,20.0,32.301428522382466,-0.24699783325195312,1.2800006866455078,0,0.0,1.2800006866455078,0.650954741091408,1.514649478831637,20.025812244428483
2021-04-30,29.899999618530273,31.0,29.43000030517578,29.90999984741211,14568400,0,0,7.272722018322111,16.395985957949176,-1.1318699440237907,36.97381936497169,36.606354709527956,33.6892000579834,,33.653833221867515,33.653833221867515,32.958,34.942,30.974,20.0,32.009999820164275,-1.0200004577636719,0.3899993896484375,0,0.0,0.3899993896484375,0.5641607755973738,1.4751451962736462,23.311876834901184
2021-05-03,30.09000015258789,30.239999771118164,28.8700008392334,29.020000457763672,11035500,0,0,2.1186387026365323,7.0551010135235,-1.275839041301026,36.83036209494947,36.54807863851997,33.452000045776366,,22.811445378852824,22.811445378852824,32.609,34.642,30.575,-80.0,31.54857131413051,-0.7600002288818359,0.5599994659423828,0,0.0,0.5599994659423828,0.4889393388396555,1.5151310457251912,27.03100959950655
2021-05-04,28.3700008392334,29.149999618530273,27.670000076293945,28.969999313354492,14223900,0,0,21.959446288966536,10.450269003308414,-1.3780845486483173,36.67185459286187,36.48280766540622,33.27140003204346,,29.014984942357827,29.014984942357827,32.207,34.114,30.299,-84.0,31.268571308680944,-1.0900001525878906,1.2000007629394531,0,0.0,1.2000007629394531,0.4237474269858041,1.8248098067247123,31.734794149326024
2021-05-05,29.170000076293945,29.3799991607666,27.81999969482422,27.989999771118164,8074200,0,0,5.405400180747056,9.827828390783397,-1.5206632367004218,36.51565643158339,36.41790890156671,33.073000030517576,,30.69082325332836,30.69082325332836,31.903,33.975,29.83,-88.0,31.02499989100865,0.22999954223632812,-0.14999961853027344,0,0.22999954223632812,0.0,0.46609259113651813,1.5815018324670498,34.7667055517833
2021-05-06,27.639999389648438,28.200000762939453,25.770000457763672,26.3799991607666,18358700,0,0,7.800495227725728,11.721780565813129,-1.7434735992081443,36.34286733624453,36.34537084458171,32.82640003204346,,27.208828650370705,27.208828650370705,31.449,33.69,29.208,-88.0,30.700714111328125,-1.1799983978271484,2.049999237060547,0,0.0,2.049999237060547,0.40394691231218377,2.260950471257951,39.42232713116777
2021-05-07,26.610000610351562,27.672000885009766,26.40999984741211,26.690000534057617,11595500,0,0,11.764707317096967,8.323534241856605,-1.8734420485037795,36.14108333869042,36.259910393986644,32.65220001220703,,27.427425764710307,27.427425764710307,31.059,33.419,28.699,-96.0,30.378571237836564,-0.5279998779296875,-0.6399993896484375,0,0.0,0.0,0.3500873239992869,1.9594904083977782,43.45719916651997
2021-05-10,26.809999465942383,26.809999465942383,25.020000457763672,25.459999084472656,13537300,0,0,5.13417318993276,8.233125244918506,-2.0520390627148473,35.949788370937654,36.178135760866596,32.479199981689455,,23.946185748019275,23.946185748019275,30.632,33.196,28.069,-92.0,29.96357113974435,-0.8620014190673828,1.3899993896484375,0,0.0,1.3899993896484375,0.30340901412925586,2.3167536035253065,47.90829848036339
2021-05-11,23.899999618530273,25.239999771118164,23.0,24.93000030517578,17145600,0,0,18.22474294019859,11.70787448240946,-2.2108594887180466,35.73760367621162,36.08687534517292,32.26779998779297,,12.946876943053397,12.946876943053397,30.105,32.704,27.506,-96.0,29.41571412767683,-1.5699996948242188,2.020000457763672,0,0.0,2.020000457763672,0.2629544789094233,2.923463715444524,52.65323120444211
2021-05-12,24.8700008392334,25.670000076293945,24.530000686645508,24.760000228881836,16207900,0,0,16.619454235340523,13.326123455157315,-2.3236577060041625,35.5191257549298,35.99221430566107,32.13299999237061,,13.022368244229526,13.022368244229526,29.698,32.469,26.928,-96.0,28.872142791748047,0.43000030517578125,-1.5300006866455078,0,0.43000030517578125,0.0,0.4264706705646616,2.533668553363556,55.124236301529535
2021-05-13,25.139999389648438,25.68000030517578,22.729999542236328,23.559999465942383,29007900,0,0,7.642724466469304,14.16230721400283,-2.48127840680279,35.301759843075494,35.89724732782665,32.003599967956546,,3.8825911684367185,3.8825911684367185,29.306,32.364,26.249,-84.0,28.176428522382462,0.010000228881835938,1.8000011444091797,0,0.0,1.8000011444091797,0.3696079144866301,3.04762242307478,58.22340260062614
2021-05-14,24.010000228881836,25.989999771118164,23.8700008392334,25.700000762939453,14855200,0,0,28.905117076847112,17.722431926219006,-2.4057815247985452,35.06468290587725,35.79329914018354,31.9303999710083,,20.56453188301066,20.56453188301066,29.045,32.18,25.911,-92.0,27.65500000544957,0.3099994659423828,-1.1400012969970703,0,0.3099994659423828,0.0,0.4697872176331165,2.6412727666478193,59.76680183241832
2021-05-17,25.81999969482422,26.600000381469727,25.329999923706055,26.1200008392334,11281900,0,0,35.54578737289841,24.0312096387383,-2.285710977440395,34.87571154838438,35.70854989885849,31.89219997406006,,26.029813131746252,26.029813131746252,28.791,31.948,25.635,-92.0,27.264285768781388,0.6100006103515625,-1.4599990844726562,0,0.6100006103515625,0.0,0.7054637775280092,2.2891030644153485,58.84906178669398
2021-05-18,26.503999710083008,27.780000686645508,26.059999465942383,27.31999969482422,15116000,0,0,49.40796232771244,37.95295559248601,-2.06986428958362,34.69912960194735,35.62831335446651,31.900199966430662,,32.53397511299627,32.53397511299627,28.594,31.71,25.478,-88.0,26.95214285169329,1.1800003051757812,-0.7299995422363281,0,1.1800003051757812,0.0,1.1951528314768942,1.9838893224837166,54.310587877340055
2021-05-19,26.280000686645508,27.8700008392334,26.06999969482422,27.639999389648438,11093800,0,0,59.37121615032951,48.108321950313474,-1.8516384154494077,34.55039329059583,35.55902484609039,31.853599967956544,,37.65008506183341,37.65008506183341,28.346,31.321,25.371,-84.0,26.74642848968506,0.09000015258789062,-0.010000228881835938,0,0.09000015258789062,0.0,1.0806649999917326,1.719370746145355,50.11059326612879
2021-05-20,28.040000915527344,29.3799991607666,27.84000015258789,28.799999237060547,14760900,0,0,80.82555938520898,63.20157928775033,-1.5670268949294446,34.41118134381758,35.493204324312224,31.815599937438964,,45.454544034436616,45.454544034436616,28.167,30.991,25.344,-52.0,26.667142731802805,1.5099983215332031,-1.7700004577636719,0,1.5099983215332031,0.0,1.6915620157686169,1.4901213133205666,44.273349075688834
2021-05-21,29.209999084472656,29.270000457763672,28.219999313354492,28.579999923706055,10035500,0,0,87.96993559471277,76.05557037675044,-1.3437325966412033,34.29820312696992,35.437757449574285,31.690999908447267,,48.093585674063284,48.093585674063284,27.931,30.488,25.375,-52.0,26.63571412222726,-0.10999870300292969,-0.37999916076660156,0,0.0,0.0,1.4660204136615238,1.2914384715404292,39.21440411067514
2021-05-24,28.610000610351562,29.540000915527344,27.690000534057617,29.1299991607666,10494000,0,0,93.97941744375004,87.59163747455727,-1.109599170954354,34.18313069735392,35.38113477395954,31.57059986114502,,50.6644511430467,50.6644511430467,27.738,30.023,25.453,-52.0,26.647142682756698,0.2700004577636719,0.529998779296875,0,0.0,0.529998779296875,1.2705510251698573,1.384440226283438,34.55776705977084
2021-05-25,29.600000381469727,30.479999542236328,28.540000915527344,29.3799991607666,13389100,0,0,85.8064466907132,89.25193324305867,-0.8935732876669569,34.08149453742225,35.32968963657948,31.450799865722658,,56.14500097644096,56.14500097644096,27.627,29.765,25.49,-52.0,26.74642835344587,0.9399986267089844,-0.8500003814697266,0,0.9399986267089844,0.0,1.5697419297876443,1.1998481961094785,31.730803531567265
2021-05-26,29.979999542236328,32.060001373291016,29.65999984741211,31.56999969482422,17681500,0,0,94.74810737082775,91.51132383509702,-0.5394382555185402,33.986978803814154,35.280884152720446,31.363599853515623,,71.8250629433001,71.8250629433001,27.621,29.747,25.496,-52.0,27.11714267730713,1.5800018310546875,-1.1199989318847656,0,1.5800018310546875,0.0,2.13732025028182,1.0398684366260857,32.10557641995959
2021-05-27,31.700000762939453,32.42499923706055,30.829999923706055,32.38999938964844,29431800,0,0,99.63899073219369,93.39784826457823,-0.19042153861274258,33.93841352828293,35.25054160254126,31.2889998626709,,72.9838670602573,72.9838670602573,27.715,30.009,25.421,-52.0,27.524285452706472,0.36499786376953125,-1.1700000762939453,0,0.36499786376953125,0.0,2.0291567336943714,0.9012193117410086,32.95699525219471
2021-05-28,32.16999816894531,33.09000015258789,31.850000381469727,32.130001068115234,9713300,0,0,90.7336001166502,95.04023273989056,0.06445405355054845,33.90731575632275,35.22722663421769,31.2315998840332,,79.1776204358368,79.1776204358368,27.826,30.28,25.372,-52.00000000000001,28.0007141658238,0.6650009155273438,-1.0200004577636719,0,0.6650009155273438,0.0,2.0752615284871467,0.7810567368410063,34.604095160917524
2021-06-01,33.70000076293945,34.77000045776367,33.040000915527344,34.599998474121094,21612000,0,0,98.5880234990403,96.32020478262808,0.46044514216094257,33.87163780610303,35.202062475080666,31.173999862670897,,86.16305796744182,86.16305796744182,28.105,30.983,25.227,-52.0,28.691428320748464,1.6800003051757812,-1.1900005340576172,0,1.6800003051757812,0.0,2.5792811119188044,0.6769158385946367,37.779938202090754
2021-06-02,34.5,36.22999954223633,34.150001525878906,35.0,17256700,0,0,90.8888922797309,93.40350529847382,0.7973562730283206,33.88625215985349,35.1971862186528,31.116399841308592,,87.64706748579832,87.64706748579832,28.406,31.67,25.143,48.0,29.422856875828334,1.4599990844726562,-1.1100006103515625,0,1.4599990844726562,0.0,2.896993697274511,0.5866603934480075,41.58517992162934
2021-06-03,34.84000015258789,37.060001373291016,34.279998779296875,35.95000076293945,15989700,0,0,91.5845294510379,93.68714840993637,1.1280148141738167,33.908588994563786,35.195594135428415,31.108799819946288,,96.40451117356548,96.40451117356548,28.804,32.474,25.135,52.0,30.307856968470983,0.8300018310546875,-0.12999725341796875,0,0.8300018310546875,0.0,2.8758705167293246,0.5084390076544308,45.36757747261825
2021-06-04,36.369998931884766,37.724998474121094,35.900001525878906,37.11000061035156,13185900,0,0,95.03833855834587,92.50392009637157,1.4667584746009972,33.94951232525053,35.2016664037672,31.233999824523927,,96.11966188878472,96.11966188878472,29.341,33.401,25.281,56.0,31.122856957571848,0.6649971008300781,-1.6200027465820312,0,0.6649971008300781,0.0,2.777312312730896,0.4406471399667911,49.00033476458881
2021-06-07,37.06999969482422,38.77000045776367,36.689998626708984,38.36000061035156,14478900,0,0,96.77419500064603,94.46568767000996,1.8151558029147807,34.01284153128745,35.21697963875974,31.35059986114502,,96.36365291501501,96.36365291501501,29.924,34.401,25.448,60.0,31.99714265550886,1.0450019836425781,-0.7899971008300781,0,1.0450019836425781,0.0,2.8424603803289084,0.3818941879709319,52.64187662459745
2021-06-08,38.970001220703125,40.15999984741211,38.689998626708984,39.650001525878906,21313500,0,0,96.38042359112727,96.06431905003974,2.1703371637240423,34.099911563913075,35.242123821409216,31.50079990386963,,96.38827885931055,96.38827885931055,30.634,35.475,25.793,64.0,32.877857072012766,1.3899993896484375,-2.0,0,1.3899993896484375,0.0,3.027168009936941,0.3309749629079253,56.32805506269162
2021-06-09,40.099998474121094,40.2400016784668,37.77000045776367,38.06999969482422,13997800,0,0,82.7091491174144,91.95458923639593,2.2978399681175716,34.21102849829606,35.277280519104394,31.63399990081787,,85.84192732673606,85.84192732673606,31.291,36.209,26.373,68.0,33.622857093811035,0.0800018310546875,0.9199981689453125,0,0.0,0.9199981689453125,2.623545608610534,0.6516754228746129,56.84507616742802
2021-06-10,38.20000076293945,39.16999816894531,38.029998779296875,38.61000061035156,9932300,0,0,87.01194486471124,88.700505857751,2.414626102443414,34.288256088164985,35.299488268367746,31.729799919128418,,85.2117773093158,85.2117773093158,31.984,36.908,27.059,72.0,34.323571477617534,-1.0700035095214844,-0.2599983215332031,0,0.0,0.0,2.27373952746135,0.5647853664910546,57.29316112486577
2021-06-11,38.900001525878906,41.77000045776367,38.68000030517578,41.5,19326500,0,0,98.08238310208311,89.26782569473626,2.709149316848844,34.37470993812651,35.32573538265755,31.829599952697755,,88.91566198611748,88.91566198611748,32.881,37.824,27.937,72.0,35.246428625924246,2.6000022888183594,-0.6500015258789062,0,2.6000022888183594,0.0,2.954126308668203,0.4894806509587064,59.19695707521425
2021-06-14,41.939998626708984,43.20000076293945,41.45000076293945,42.599998474121094,14439100,0,0,95.9072149040692,93.66718095695451,2.9967767741629103,34.517190498259495,35.3745433680705,31.942599906921387,34.948899974823,89.27113589787021,89.27113589787021,33.725,38.819,28.632,80.0,36.208571434020996,1.4300003051757812,-2.770000457763672,0,1.4300003051757812,0.0,3.0868217289990647,0.4242165641640563,61.415398021589326
2021-06-15,41.25,41.999000549316406,40.04999923706055,40.16999816894531,16102300,0,0,77.62184350726736,90.53714717113989,2.9941284741017,34.67875523831285,35.43149422358769,32.025799903869625,35.043649969100954,77.90998202474384,77.90998202474384,34.428,39.384,29.472,84.0,36.9792856488909,-1.2010002136230469,1.4000015258789062,0,0.0,1.4000015258789062,2.675245498465004,0.8724420140019453,60.002184783162384
2021-06-16,38.869998931884766,41.25699996948242,38.63999938964844,41.029998779296875,14648900,0,0,82.4575437637799,85.32886739170549,3.026536498019702,34.788476202148516,35.46873473995858,32.1061999130249,35.1348499584198,76.27777523464627,76.27777523464627,35.113,39.982,30.245,84.0,37.65499986921038,-0.7420005798339844,1.4099998474121094,0,0.0,1.4099998474121094,2.31854609866903,1.2553860451404621,55.96824393251438
2021-06-17,41.09000015258789,44.400001525878906,40.959999084472656,44.2400016784668,19008900,0,0,98.72510093368886,86.26816273491204,3.2735055229541956,34.91314203368724,35.51231574664648,32.30959995269775,35.25354996681213,79.05836298812542,79.05836298812542,35.943,40.886,31.001,84.0,38.50142860412598,3.1430015563964844,-2.3199996948242188,0,3.1430015563964844,0.0,3.097851617850388,1.0880012391214735,54.90785322985421
2021-06-18,44.63999938964844,45.75,44.43000030517578,45.22999954223633,34853100,0,0,95.90872938457613,92.36379136068165,3.508669043223982,35.099365113859676,35.580515363492374,32.505199928283695,35.371649961471554,81.01324993019033,81.01324993019033,36.765,41.821,31.709,96.0,39.43714278084891,1.3499984741210938,-3.470001220703125,0,1.3499984741210938,0.0,3.14122673731199,0.9429344072384148,54.76344862131429
2021-06-21,44.93000030517578,45.0,42.08000183105469,43.630001068115234,14259300,0,0,81.72414473489495,92.11932501771999,3.52529394370179,35.30156413592442,35.65570460240687,32.68799991607666,35.484349966049194,72.2962985010409,72.2962985010409,37.517,42.409,32.626,96.0,40.08214296613421,-0.75,2.3499984741210938,0,0.0,2.3499984741210938,2.7223965056699027,1.5989373089473478,50.928051866736425
2021-06-22,42.45000076293945,43.54999923706055,39.709999084472656,39.9900016784668,24147400,0,0,49.78206008263957,75.80497806737024,3.2077745732914593,35.467734418058704,35.71766615817907,32.80799991607666,35.5841499710083,60.62154389508008,60.62154389508008,38.061,42.559,33.562,92.0,40.43857165745327,-1.4500007629394531,2.3700027465820312,0,0.0,2.3700027465820312,2.359410304913548,2.167178723520886,44.703874342833416
2021-06-23,42.02000045776367,42.72999954223633,41.04999923706055,41.61000061035156,16889200,0,0,57.969542832666825,63.15858255006714,3.05168066944848,35.55793234851469,35.7507703593814,32.93059993743896,35.69704997062683,61.713575917133916,61.713575917133916,38.672,42.739,34.605,88.0,40.842857360839844,-0.8199996948242188,-1.3400001525878906,0,0.0,0.0,2.044822264258132,1.8782215603845143,39.30958715545238
2021-06-24,42.20000076293945,42.27000045776367,40.15999984741211,40.95000076293945,14767800,0,0,47.01988400122104,51.590495638842505,2.8419583327118545,35.6786018835598,35.7960450540702,33.09179996490479,35.813149976730344,58.11496233591037,58.11496233591037,39.141,42.873,35.409,84.0,41.11714308602469,-0.45999908447265625,0.8899993896484375,0,0.0,0.8899993896484375,1.7721792956901739,1.9163981243370407,34.58962575972482
2021-06-25,41.150001525878906,42.45000076293945,40.77199935913086,42.15999984741211,11366500,0,0,55.01252683553634,53.33398455647477,2.7417831050017796,35.78367124577282,35.83576074600263,33.30699996948242,35.93359997749329,58.04402923137077,58.04402923137077,39.63,43.058,36.201,72.0,41.38857160295759,0.18000030517578125,-0.61199951171875,0,0.18000030517578125,0.0,1.593875842951689,1.6608783744252669,30.252156318606882
2021-06-28,42.400001525878906,45.529998779296875,42.36000061035156,45.310001373291016,16329400,0,0,94.48623243171667,65.50621442282471,2.883334998784335,35.91072285283203,35.884361768077845,33.59479999542236,36.06374998092652,61.1067502925774,61.1067502925774,40.289,43.456,37.121,72.0,41.79285730634417,3.079998016357422,-1.5880012512207031,0,3.079998016357422,0.0,2.3639824800674956,1.4394279245017714,29.4596777045319
2021-06-29,44.150001525878906,45.099998474121094,43.369998931884766,44.31999969482422,14390200,0,0,81.4766829137167,76.99181406032328,2.8824044742338586,36.09794880669074,35.95660093204747,33.85719997406006,36.18984997749329,62.55524337738499,62.55524337738499,40.775,43.764,37.785,72.0,42.23928587777274,-0.43000030517578125,-1.0099983215332031,0,0.0,0.0,2.04878481605834,1.2475042012347737,28.77286290566702
2021-06-30,43.22999954223633,44.779998779296875,43.029998779296875,44.41999816894531,22597400,0,0,81.29392803260359,85.75228112601236,2.8568046017856545,36.26167437290817,36.02052706588676,34.12019992828369,36.30954997062683,61.88138708338664,61.88138708338664,41.246,44.011,38.48,68.0,42.65428570338658,-0.31999969482421875,0.3400001525878906,0,0.0,0.3400001525878906,1.7756135072504442,1.1874511958839358,27.583120707584126
2021-07-01,46.279998779296875,47.97999954223633,42.900001525878906,43.65999984741211,34361500,0,0,53.74732736350919,72.17264610327655,2.7435649010539365,36.4240813855874,36.08455805826379,34.34139995574951,36.422249965667724,54.83871022874003,54.83871022874003,41.631,44.146,39.116,64.0,42.80857140677316,3.200000762939453,0.12999725341796875,0,3.200000762939453,0.0,2.5355504097916355,1.0291243697660188,29.540017292738284
2021-07-02,43.810001373291016,44.119998931884766,41.5099983215332,43.7400016784668,17669300,0,0,54.60387800320614,63.215044466439686,2.62996055269884,36.56808309279394,36.14215477477187,34.56880001068115,36.54134997367859,52.676063955819714,52.676063955819714,41.963,44.279,39.646,96.0,42.89000020708357,-3.8600006103515625,1.3900032043457031,0,0.0,1.3900032043457031,2.1974770218193087,1.3240219388783474,28.908481987747088
2021-07-06,42.189998626708984,45.33000183105469,42.189998626708984,44.04999923706055,18127500,0,0,57.92290962557563,55.42470499743036,2.535712384687386,36.71076931776259,36.19977042765594,34.783800010681155,36.6653999710083,60.11470745065405,60.11470745065405,42.247,44.444,40.05,92.0,43.167143140520366,1.2100028991699219,-0.6800003051757812,0,1.2100028991699219,0.0,2.2782220294532354,1.147485680361185,29.455001674546367
2021-07-07,43.36000061035156,44.25,40.41999816894531,41.470001220703125,28874400,0,0,21.28176588646041,44.60285117174744,2.2271624239258827,36.85674228726548,36.25914508079121,34.953200035095215,36.778249979019165,51.05263772703844,51.05263772703844,42.338,44.459,40.217,88.0,43.1985718863351,-1.0800018310546875,1.7700004577636719,0,0.0,1.7700004577636719,1.9744590921927307,1.5408020873944923,27.172522682626287
2021-07-08,38.75,41.470001220703125,38.380001068115234,40.0,19139600,0,0,16.874991556007316,32.02655568934782,1.8427751847006917,36.94847146792952,36.29845527769935,35.121400032043454,36.88749998092651,38.93527296300359,38.93527296300359,42.435,44.388,40.481,84.0,42.89571462358747,-2.779998779296875,2.039997100830078,0,0.0,2.039997100830078,1.7111978799003118,1.9694568832122636,24.4850742264472
2021-07-09,40.36000061035156,40.689998626708984,38.869998931884766,39.91999816894531,11272100,0,0,16.041639016729835,18.066132153065894,1.5142348921673872,37.009130752248595,36.3263078275673,35.28599998474121,36.99054997444153,35.4520479912009,35.4520479912009,42.5,44.337,40.663,80.0,42.51642881120954,-0.7800025939941406,-0.48999786376953125,0,0.0,0.0,1.483038162580229,1.7068626321172478,22.15595223109213
2021-07-12,39.95000076293945,40.88999938964844,38.619998931884766,39.79999923706055,9265700,0,0,14.79164994424978,15.90276017232902,1.2300027270670668,37.06697828194661,36.353280054732416,35.47159996032715,37.09749997138977,38.58079130075971,38.58079130075971,42.415,44.338,40.492,76.0,42.24285725184849,0.20000076293945312,0.25,0,0.0,0.25,1.285299740902834,1.5581897515993168,20.481426786680142
2021-07-13,39.70000076293945,40.310001373291016,38.5099983215332,39.189998626708984,8386500,0,0,8.437475909785574,13.090254956921774,0.9446355684102201,37.12127708225752,36.379083906794975,35.657199935913084,37.20619996070862,47.088780290616675,47.088780290616675,42.244,44.297,40.192,72.0,42.18571417672293,-0.5799980163574219,0.1100006103515625,0,0.0,0.1100006103515625,1.113926442115766,1.3851982147656796,19.19785941923035
2021-07-14,38.88999938964844,39.505001068115234,37.279998779296875,37.77000045776367,11170200,0,0,4.579454612414308,9.269526822149931,0.5970160296537799,37.162367113995145,36.40007509410798,35.83219993591309,37.30539996147156,35.819789605595716,35.819789605595716,42.125,44.366,39.883,64.0,41.911428451538086,-0.8050003051757812,1.2299995422363281,0,0.0,1.2299995422363281,0.9654029165003131,1.5918063588247957,19.904223198418723
2021-07-15,37.4900016784668,39.29999923706055,36.91999816894531,38.5099983215332,11017100,0,0,14.376129793506255,9.131020105235423,0.3768921043199711,37.17443317299314,36.41027990726347,36.02299991607666,37.40264995574951,41.04257226081111,41.04257226081111,41.999,44.372,39.625,-32.0,41.73714256286621,-0.2050018310546875,0.3600006103515625,0,0.0,0.3600006103515625,0.8366825276335914,1.4945711832263118,21.01304410314559
2021-07-16,38.93000030517578,39.54999923706055,38.380001068115234,39.029998779296875,11302700,0,0,19.07776083506679,12.677781746995828,0.2416167894345449,37.20094749508973,36.4258824747043,36.24379989624023,37.50389994621277,37.89635762693313,37.89635762693313,41.738,44.138,39.338,-36.0,41.513571058000835,0.25,-1.4600028991699219,0,0.25,0.0,0.8054198848693532,1.295295025462786,21.320564746178032
2021-07-19,38.18000030517578,39.88999938964844,37.209999084472656,39.720001220703125,10291280,0,0,25.316480145468944,19.590123591347375,0.18792131659523648,37.23724987419812,36.44518571483666,36.51059993743897,37.602149953842165,23.304672695614414,23.304672695614414,41.462,43.755,39.17,-35.99999999999999,41.11428533281599,0.3400001525878906,1.1700019836425781,0,0.0,1.1700019836425781,0.6980305668867646,1.502019828715309,23.35037335695777
